/*TPEND007 data*/
INSERT INTO checklist.PACK (DESCRIPTION, PRODUCT_CODE, BUSINESS_CODE, CLIENT_TYPE_CODE, BAIL_FLAG, INSURANCE_FLAG, RESERVATION_TYPE, VEHICLE_TYPE) VALUES ( 'CRD/AUT/P/CRES/N', 'C', 'A', 'P', 1, 1, 'R', 'N');
INSERT INTO checklist.PACK (DESCRIPTION, PRODUCT_CODE, BUSINESS_CODE, CLIENT_TYPE_CODE, BAIL_FLAG, INSURANCE_FLAG, RESERVATION_TYPE, VEHICLE_TYPE) VALUES ( 'Crd/A/P/c/Res/N/s/sg', 'C', 'A', 'P', 1, 0, 'R', 'N');
INSERT INTO checklist.PACK (DESCRIPTION, PRODUCT_CODE, BUSINESS_CODE, CLIENT_TYPE_CODE, BAIL_FLAG, INSURANCE_FLAG, RESERVATION_TYPE, VEHICLE_TYPE) VALUES ( 'Crd Auto Part c/ Res', 'C', 'A', 'P', 0, 1, 'R', 'N');
INSERT INTO checklist.PACK (DESCRIPTION, PRODUCT_CODE, BUSINESS_CODE, CLIENT_TYPE_CODE, BAIL_FLAG, INSURANCE_FLAG, RESERVATION_TYPE, VEHICLE_TYPE) VALUES ( 'Crd Auto Part c/ Res', 'C', 'A', 'P', 0, 0, 'R', 'N');
INSERT INTO checklist.PACK (DESCRIPTION, PRODUCT_CODE, BUSINESS_CODE, CLIENT_TYPE_CODE, BAIL_FLAG, INSURANCE_FLAG, RESERVATION_TYPE, VEHICLE_TYPE) VALUES ( 'Crd Auto Part c/ Hip', 'C', 'A', 'P', 1, 1, 'H', 'N');
INSERT INTO checklist.PACK (DESCRIPTION, PRODUCT_CODE, BUSINESS_CODE, CLIENT_TYPE_CODE, BAIL_FLAG, INSURANCE_FLAG, RESERVATION_TYPE, VEHICLE_TYPE) VALUES ( 'Crd Auto Part c/ Hip', 'C', 'A', 'P', 1, 0, 'H', 'N');
INSERT INTO checklist.PACK (DESCRIPTION, PRODUCT_CODE, BUSINESS_CODE, CLIENT_TYPE_CODE, BAIL_FLAG, INSURANCE_FLAG, RESERVATION_TYPE, VEHICLE_TYPE) VALUES ( 'Crd Auto Part c/ Hip', 'C', 'A', 'P', 0, 1, 'H', 'N');
INSERT INTO checklist.PACK (DESCRIPTION, PRODUCT_CODE, BUSINESS_CODE, CLIENT_TYPE_CODE, BAIL_FLAG, INSURANCE_FLAG, RESERVATION_TYPE, VEHICLE_TYPE) VALUES ( 'Crd Auto Part c/ Hip', 'C', 'A', 'P', 0, 0, 'H', 'N');
INSERT INTO checklist.PACK (DESCRIPTION, PRODUCT_CODE, BUSINESS_CODE, CLIENT_TYPE_CODE, BAIL_FLAG, INSURANCE_FLAG, RESERVATION_TYPE, VEHICLE_TYPE) VALUES ( 'Crd Auto Part s/ Res', 'C', 'A', 'P', 1, 1, 'S', 'N');
INSERT INTO checklist.PACK (DESCRIPTION, PRODUCT_CODE, BUSINESS_CODE, CLIENT_TYPE_CODE, BAIL_FLAG, INSURANCE_FLAG, RESERVATION_TYPE, VEHICLE_TYPE) VALUES ( 'Crd Auto Part s/ Res', 'C', 'A', 'P', 1, 0, 'S', 'N');
INSERT INTO checklist.PACK (DESCRIPTION, PRODUCT_CODE, BUSINESS_CODE, CLIENT_TYPE_CODE, BAIL_FLAG, INSURANCE_FLAG, RESERVATION_TYPE, VEHICLE_TYPE) VALUES ( 'Crd Auto Part s/ Res', 'C', 'A', 'P', 0, 1, 'S', 'N');
INSERT INTO checklist.PACK (DESCRIPTION, PRODUCT_CODE, BUSINESS_CODE, CLIENT_TYPE_CODE, BAIL_FLAG, INSURANCE_FLAG, RESERVATION_TYPE, VEHICLE_TYPE) VALUES ( 'Crd Auto Part s/ Res', 'C', 'A', 'P', 0, 0, 'S', 'N');
INSERT INTO checklist.PACK (DESCRIPTION, PRODUCT_CODE, BUSINESS_CODE, CLIENT_TYPE_CODE, BAIL_FLAG, INSURANCE_FLAG, RESERVATION_TYPE, VEHICLE_TYPE) VALUES ( 'Crd Auto Part c/ Res', 'C', 'A', 'P', 1, 1, 'R', 'U');
INSERT INTO checklist.PACK (DESCRIPTION, PRODUCT_CODE, BUSINESS_CODE, CLIENT_TYPE_CODE, BAIL_FLAG, INSURANCE_FLAG, RESERVATION_TYPE, VEHICLE_TYPE) VALUES ( 'Crd Auto Part c/ Res', 'C', 'A', 'P', 1, 0, 'R', 'U');
INSERT INTO checklist.PACK (DESCRIPTION, PRODUCT_CODE, BUSINESS_CODE, CLIENT_TYPE_CODE, BAIL_FLAG, INSURANCE_FLAG, RESERVATION_TYPE, VEHICLE_TYPE) VALUES ( 'Crd Auto Part c/ Res', 'C', 'A', 'P', 0, 1, 'R', 'U');
INSERT INTO checklist.PACK (DESCRIPTION, PRODUCT_CODE, BUSINESS_CODE, CLIENT_TYPE_CODE, BAIL_FLAG, INSURANCE_FLAG, RESERVATION_TYPE, VEHICLE_TYPE) VALUES ( 'Crd Auto Part c/ Res', 'C', 'A', 'P', 0, 0, 'R', 'U');
INSERT INTO checklist.PACK (DESCRIPTION, PRODUCT_CODE, BUSINESS_CODE, CLIENT_TYPE_CODE, BAIL_FLAG, INSURANCE_FLAG, RESERVATION_TYPE, VEHICLE_TYPE) VALUES ( 'Crd Auto Part c/ Hip', 'C', 'A', 'P', 1, 1, 'H', 'U');
INSERT INTO checklist.PACK (DESCRIPTION, PRODUCT_CODE, BUSINESS_CODE, CLIENT_TYPE_CODE, BAIL_FLAG, INSURANCE_FLAG, RESERVATION_TYPE, VEHICLE_TYPE) VALUES ( 'Crd Auto Part c/ Hip', 'C', 'A', 'P', 1, 0, 'H', 'U');
INSERT INTO checklist.PACK (DESCRIPTION, PRODUCT_CODE, BUSINESS_CODE, CLIENT_TYPE_CODE, BAIL_FLAG, INSURANCE_FLAG, RESERVATION_TYPE, VEHICLE_TYPE) VALUES ( 'Crd Auto Part c/ Hip', 'C', 'A', 'P', 0, 1, 'H', 'U');
INSERT INTO checklist.PACK (DESCRIPTION, PRODUCT_CODE, BUSINESS_CODE, CLIENT_TYPE_CODE, BAIL_FLAG, INSURANCE_FLAG, RESERVATION_TYPE, VEHICLE_TYPE) VALUES ( 'Crd Auto Part c/ Hip', 'C', 'A', 'P', 0, 0, 'H', 'U');
INSERT INTO checklist.PACK (DESCRIPTION, PRODUCT_CODE, BUSINESS_CODE, CLIENT_TYPE_CODE, BAIL_FLAG, INSURANCE_FLAG, RESERVATION_TYPE, VEHICLE_TYPE) VALUES ( 'Crd Auto Part s/ Res', 'C', 'A', 'P', 1, 1, 'S', 'U');
INSERT INTO checklist.PACK (DESCRIPTION, PRODUCT_CODE, BUSINESS_CODE, CLIENT_TYPE_CODE, BAIL_FLAG, INSURANCE_FLAG, RESERVATION_TYPE, VEHICLE_TYPE) VALUES ( 'Crd Auto Part s/ Res', 'C', 'A', 'P', 1, 0, 'S', 'U');
INSERT INTO checklist.PACK (DESCRIPTION, PRODUCT_CODE, BUSINESS_CODE, CLIENT_TYPE_CODE, BAIL_FLAG, INSURANCE_FLAG, RESERVATION_TYPE, VEHICLE_TYPE) VALUES ( 'Crd Auto Part s/ Res', 'C', 'A', 'P', 0, 1, 'S', 'U');
INSERT INTO checklist.PACK (DESCRIPTION, PRODUCT_CODE, BUSINESS_CODE, CLIENT_TYPE_CODE, BAIL_FLAG, INSURANCE_FLAG, RESERVATION_TYPE, VEHICLE_TYPE) VALUES ( 'Crd Auto Part s/ Res', 'C', 'A', 'P', 0, 0, 'S', 'U');
INSERT INTO checklist.PACK (DESCRIPTION, PRODUCT_CODE, BUSINESS_CODE, CLIENT_TYPE_CODE, BAIL_FLAG, INSURANCE_FLAG, RESERVATION_TYPE, VEHICLE_TYPE) VALUES ( 'Crd Auto Empresa c/ ', 'C', 'A', 'N', 1, 1, 'R', 'U');
INSERT INTO checklist.PACK (DESCRIPTION, PRODUCT_CODE, BUSINESS_CODE, CLIENT_TYPE_CODE, BAIL_FLAG, INSURANCE_FLAG, RESERVATION_TYPE, VEHICLE_TYPE) VALUES ( 'Crd Auto Empresa c/ ', 'C', 'A', 'N', 1, 0, 'R', 'U');
INSERT INTO checklist.PACK (DESCRIPTION, PRODUCT_CODE, BUSINESS_CODE, CLIENT_TYPE_CODE, BAIL_FLAG, INSURANCE_FLAG, RESERVATION_TYPE, VEHICLE_TYPE) VALUES ( 'Crd Auto Empresa c/ ', 'C', 'A', 'N', 0, 1, 'R', 'U');
INSERT INTO checklist.PACK (DESCRIPTION, PRODUCT_CODE, BUSINESS_CODE, CLIENT_TYPE_CODE, BAIL_FLAG, INSURANCE_FLAG, RESERVATION_TYPE, VEHICLE_TYPE) VALUES ( 'Crd Auto Empresa c/ ', 'C', 'A', 'N', 0, 0, 'R', 'U');
INSERT INTO checklist.PACK (DESCRIPTION, PRODUCT_CODE, BUSINESS_CODE, CLIENT_TYPE_CODE, BAIL_FLAG, INSURANCE_FLAG, RESERVATION_TYPE, VEHICLE_TYPE) VALUES ( 'Crd Auto Empresa c/ ', 'C', 'A', 'N', 1, 1, 'H', 'U');
INSERT INTO checklist.PACK (DESCRIPTION, PRODUCT_CODE, BUSINESS_CODE, CLIENT_TYPE_CODE, BAIL_FLAG, INSURANCE_FLAG, RESERVATION_TYPE, VEHICLE_TYPE) VALUES ( 'Crd Auto Empresa c/ ', 'C', 'A', 'N', 1, 0, 'H', 'U');
INSERT INTO checklist.PACK (DESCRIPTION, PRODUCT_CODE, BUSINESS_CODE, CLIENT_TYPE_CODE, BAIL_FLAG, INSURANCE_FLAG, RESERVATION_TYPE, VEHICLE_TYPE) VALUES ( 'Crd Auto Empresa c/ ', 'C', 'A', 'N', 0, 1, 'H', 'U');
INSERT INTO checklist.PACK (DESCRIPTION, PRODUCT_CODE, BUSINESS_CODE, CLIENT_TYPE_CODE, BAIL_FLAG, INSURANCE_FLAG, RESERVATION_TYPE, VEHICLE_TYPE) VALUES ( 'Crd Auto Empresa c/ ', 'C', 'A', 'N', 0, 0, 'H', 'U');
INSERT INTO checklist.PACK (DESCRIPTION, PRODUCT_CODE, BUSINESS_CODE, CLIENT_TYPE_CODE, BAIL_FLAG, INSURANCE_FLAG, RESERVATION_TYPE, VEHICLE_TYPE) VALUES ( 'Crd Auto Empresa s/ ', 'C', 'A', 'N', 1, 1, 'S', 'U');
INSERT INTO checklist.PACK (DESCRIPTION, PRODUCT_CODE, BUSINESS_CODE, CLIENT_TYPE_CODE, BAIL_FLAG, INSURANCE_FLAG, RESERVATION_TYPE, VEHICLE_TYPE) VALUES ( 'Crd Auto Empresa s/ ', 'C', 'A', 'N', 1, 0, 'S', 'U');
INSERT INTO checklist.PACK (DESCRIPTION, PRODUCT_CODE, BUSINESS_CODE, CLIENT_TYPE_CODE, BAIL_FLAG, INSURANCE_FLAG, RESERVATION_TYPE, VEHICLE_TYPE) VALUES ( 'Crd Auto Empresa s/ ', 'C', 'A', 'N', 0, 1, 'S', 'U');
INSERT INTO checklist.PACK (DESCRIPTION, PRODUCT_CODE, BUSINESS_CODE, CLIENT_TYPE_CODE, BAIL_FLAG, INSURANCE_FLAG, RESERVATION_TYPE, VEHICLE_TYPE) VALUES ( 'Crd Auto Empresa s/ ', 'C', 'A', 'N', 0, 0, 'S', 'U');
INSERT INTO checklist.PACK (DESCRIPTION, PRODUCT_CODE, BUSINESS_CODE, CLIENT_TYPE_CODE, BAIL_FLAG, INSURANCE_FLAG, RESERVATION_TYPE, VEHICLE_TYPE) VALUES ( 'Crd Auto Empresa c/ ', 'C', 'A', 'N', 1, 1, 'R', 'N');
INSERT INTO checklist.PACK (DESCRIPTION, PRODUCT_CODE, BUSINESS_CODE, CLIENT_TYPE_CODE, BAIL_FLAG, INSURANCE_FLAG, RESERVATION_TYPE, VEHICLE_TYPE) VALUES ( 'Crd Auto Empresa c/ ', 'C', 'A', 'N', 1, 0, 'R', 'N');
INSERT INTO checklist.PACK (DESCRIPTION, PRODUCT_CODE, BUSINESS_CODE, CLIENT_TYPE_CODE, BAIL_FLAG, INSURANCE_FLAG, RESERVATION_TYPE, VEHICLE_TYPE) VALUES ( 'Crd Auto Empresa c/ ', 'C', 'A', 'N', 0, 1, 'R', 'N');
INSERT INTO checklist.PACK (DESCRIPTION, PRODUCT_CODE, BUSINESS_CODE, CLIENT_TYPE_CODE, BAIL_FLAG, INSURANCE_FLAG, RESERVATION_TYPE, VEHICLE_TYPE) VALUES ( 'Crd Auto Empresa c/ ', 'C', 'A', 'N', 0, 0, 'R', 'N');
INSERT INTO checklist.PACK (DESCRIPTION, PRODUCT_CODE, BUSINESS_CODE, CLIENT_TYPE_CODE, BAIL_FLAG, INSURANCE_FLAG, RESERVATION_TYPE, VEHICLE_TYPE) VALUES ( 'Crd Auto Empresa c/ ', 'C', 'A', 'N', 1, 1, 'H', 'N');
INSERT INTO checklist.PACK (DESCRIPTION, PRODUCT_CODE, BUSINESS_CODE, CLIENT_TYPE_CODE, BAIL_FLAG, INSURANCE_FLAG, RESERVATION_TYPE, VEHICLE_TYPE) VALUES ( 'Crd Auto Empresa c/ ', 'C', 'A', 'N', 1, 0, 'H', 'N');
INSERT INTO checklist.PACK (DESCRIPTION, PRODUCT_CODE, BUSINESS_CODE, CLIENT_TYPE_CODE, BAIL_FLAG, INSURANCE_FLAG, RESERVATION_TYPE, VEHICLE_TYPE) VALUES ( 'Crd Auto Empresa c/ ', 'C', 'A', 'N', 0, 1, 'H', 'N');
INSERT INTO checklist.PACK (DESCRIPTION, PRODUCT_CODE, BUSINESS_CODE, CLIENT_TYPE_CODE, BAIL_FLAG, INSURANCE_FLAG, RESERVATION_TYPE, VEHICLE_TYPE) VALUES ( 'Crd Auto Empresa c/ ', 'C', 'A', 'N', 0, 0, 'H', 'N');
INSERT INTO checklist.PACK (DESCRIPTION, PRODUCT_CODE, BUSINESS_CODE, CLIENT_TYPE_CODE, BAIL_FLAG, INSURANCE_FLAG, RESERVATION_TYPE, VEHICLE_TYPE) VALUES ( 'Crd Auto Empresa s/ ', 'C', 'A', 'N', 1, 1, 'S', 'N');
INSERT INTO checklist.PACK (DESCRIPTION, PRODUCT_CODE, BUSINESS_CODE, CLIENT_TYPE_CODE, BAIL_FLAG, INSURANCE_FLAG, RESERVATION_TYPE, VEHICLE_TYPE) VALUES ( 'Crd Auto Empresa s/ ', 'C', 'A', 'N', 1, 0, 'S', 'N');
INSERT INTO checklist.PACK (DESCRIPTION, PRODUCT_CODE, BUSINESS_CODE, CLIENT_TYPE_CODE, BAIL_FLAG, INSURANCE_FLAG, RESERVATION_TYPE, VEHICLE_TYPE) VALUES ( 'Crd Auto Empresa s/ ', 'C', 'A', 'N', 0, 1, 'S', 'N');
INSERT INTO checklist.PACK (DESCRIPTION, PRODUCT_CODE, BUSINESS_CODE, CLIENT_TYPE_CODE, BAIL_FLAG, INSURANCE_FLAG, RESERVATION_TYPE, VEHICLE_TYPE) VALUES ( 'Crd Auto Empresa s/ ', 'C', 'A', 'N', 0, 0, 'S', 'N');
INSERT INTO checklist.PACK (DESCRIPTION, PRODUCT_CODE, BUSINESS_CODE, CLIENT_TYPE_CODE, BAIL_FLAG, INSURANCE_FLAG, RESERVATION_TYPE, VEHICLE_TYPE) VALUES ( 'Crd Lar Part', 'C', 'L', 'P', 1, 1, null, null);
INSERT INTO checklist.PACK (DESCRIPTION, PRODUCT_CODE, BUSINESS_CODE, CLIENT_TYPE_CODE, BAIL_FLAG, INSURANCE_FLAG, RESERVATION_TYPE, VEHICLE_TYPE) VALUES ( 'Crd Lar Part (s/ seg', 'C', 'L', 'P', 1, 0, null, null);
INSERT INTO checklist.PACK (DESCRIPTION, PRODUCT_CODE, BUSINESS_CODE, CLIENT_TYPE_CODE, BAIL_FLAG, INSURANCE_FLAG, RESERVATION_TYPE, VEHICLE_TYPE) VALUES ( 'Crd Lar Part (s/ liv', 'C', 'L', 'P', 0, 1, null, null);
INSERT INTO checklist.PACK (DESCRIPTION, PRODUCT_CODE, BUSINESS_CODE, CLIENT_TYPE_CODE, BAIL_FLAG, INSURANCE_FLAG, RESERVATION_TYPE, VEHICLE_TYPE) VALUES ( 'Crd Lar Part (s/ liv', 'C', 'L', 'P', 0, 0, null, null);
INSERT INTO checklist.PACK (DESCRIPTION, PRODUCT_CODE, BUSINESS_CODE, CLIENT_TYPE_CODE, BAIL_FLAG, INSURANCE_FLAG, RESERVATION_TYPE, VEHICLE_TYPE) VALUES ( 'Crd Lar Empresa', 'C', 'L', 'N', 1, 1, null, null);
INSERT INTO checklist.PACK (DESCRIPTION, PRODUCT_CODE, BUSINESS_CODE, CLIENT_TYPE_CODE, BAIL_FLAG, INSURANCE_FLAG, RESERVATION_TYPE, VEHICLE_TYPE) VALUES ( 'Crd Lar Empresa (s/ ', 'C', 'L', 'N', 1, 0, null, null);
INSERT INTO checklist.PACK (DESCRIPTION, PRODUCT_CODE, BUSINESS_CODE, CLIENT_TYPE_CODE, BAIL_FLAG, INSURANCE_FLAG, RESERVATION_TYPE, VEHICLE_TYPE) VALUES ( 'Crd Lar Empresa (s/ ', 'C', 'L', 'N', 0, 1, null, null);
INSERT INTO checklist.PACK (DESCRIPTION, PRODUCT_CODE, BUSINESS_CODE, CLIENT_TYPE_CODE, BAIL_FLAG, INSURANCE_FLAG, RESERVATION_TYPE, VEHICLE_TYPE) VALUES ( 'Crd Lar Empresa (s/ ', 'C', 'L', 'N', 0, 0, null, null);
INSERT INTO checklist.PACK (DESCRIPTION, PRODUCT_CODE, BUSINESS_CODE, CLIENT_TYPE_CODE, BAIL_FLAG, INSURANCE_FLAG, RESERVATION_TYPE, VEHICLE_TYPE) VALUES ( 'ALD Part c/ V Usada ', 'A', 'A', 'P', 1, 0, 'L', 'U');
INSERT INTO checklist.PACK (DESCRIPTION, PRODUCT_CODE, BUSINESS_CODE, CLIENT_TYPE_CODE, BAIL_FLAG, INSURANCE_FLAG, RESERVATION_TYPE, VEHICLE_TYPE) VALUES ( 'ALD Part c/ V Usada ', 'A', 'A', 'P', 0, 0, 'L', 'U');
INSERT INTO checklist.PACK (DESCRIPTION, PRODUCT_CODE, BUSINESS_CODE, CLIENT_TYPE_CODE, BAIL_FLAG, INSURANCE_FLAG, RESERVATION_TYPE, VEHICLE_TYPE) VALUES ( 'ALD Part c/ V Nova (', 'A', 'A', 'P', 1, 0, 'L', 'N');
INSERT INTO checklist.PACK (DESCRIPTION, PRODUCT_CODE, BUSINESS_CODE, CLIENT_TYPE_CODE, BAIL_FLAG, INSURANCE_FLAG, RESERVATION_TYPE, VEHICLE_TYPE) VALUES ( 'ALD Part c/ V Nova (', 'A', 'A', 'P', 0, 0, 'L', 'N');
INSERT INTO checklist.PACK (DESCRIPTION, PRODUCT_CODE, BUSINESS_CODE, CLIENT_TYPE_CODE, BAIL_FLAG, INSURANCE_FLAG, RESERVATION_TYPE, VEHICLE_TYPE) VALUES ( 'ALD Empresa c/ V Usa', 'A', 'A', 'N', 1, 0, 'L', 'U');
INSERT INTO checklist.PACK (DESCRIPTION, PRODUCT_CODE, BUSINESS_CODE, CLIENT_TYPE_CODE, BAIL_FLAG, INSURANCE_FLAG, RESERVATION_TYPE, VEHICLE_TYPE) VALUES ( 'ALD Empresa c/ V Usa', 'A', 'A', 'N', 0, 0, 'L', 'U');
INSERT INTO checklist.PACK (DESCRIPTION, PRODUCT_CODE, BUSINESS_CODE, CLIENT_TYPE_CODE, BAIL_FLAG, INSURANCE_FLAG, RESERVATION_TYPE, VEHICLE_TYPE) VALUES ( 'ALD Empresa c/ V Nov', 'A', 'A', 'N', 1, 0, 'L', 'N');
INSERT INTO checklist.PACK (DESCRIPTION, PRODUCT_CODE, BUSINESS_CODE, CLIENT_TYPE_CODE, BAIL_FLAG, INSURANCE_FLAG, RESERVATION_TYPE, VEHICLE_TYPE) VALUES ( 'ALD Empresa c/ V Nov', 'A', 'A', 'N', 0, 0, 'L', 'N');
INSERT INTO checklist.PACK (DESCRIPTION, PRODUCT_CODE, BUSINESS_CODE, CLIENT_TYPE_CODE, BAIL_FLAG, INSURANCE_FLAG, RESERVATION_TYPE, VEHICLE_TYPE) VALUES ( 'Revolving c/ seg', 'R', 'L', 'P', 0, 1, null, null);
INSERT INTO checklist.PACK (DESCRIPTION, PRODUCT_CODE, BUSINESS_CODE, CLIENT_TYPE_CODE, BAIL_FLAG, INSURANCE_FLAG, RESERVATION_TYPE, VEHICLE_TYPE) VALUES ( 'Revolving s/ seg', 'R', 'L', 'P', 0, 0, null, null);
INSERT INTO checklist.PACK (DESCRIPTION, PRODUCT_CODE, BUSINESS_CODE, CLIENT_TYPE_CODE, BAIL_FLAG, INSURANCE_FLAG, RESERVATION_TYPE, VEHICLE_TYPE) VALUES ( 'LSG Part c/ V Usada ', 'L', 'A', 'P', 1, 0, 'L', 'U');
INSERT INTO checklist.PACK (DESCRIPTION, PRODUCT_CODE, BUSINESS_CODE, CLIENT_TYPE_CODE, BAIL_FLAG, INSURANCE_FLAG, RESERVATION_TYPE, VEHICLE_TYPE) VALUES ( 'LSG Part c/ V Usada ', 'L', 'A', 'P', 0, 0, 'L', 'U');
INSERT INTO checklist.PACK (DESCRIPTION, PRODUCT_CODE, BUSINESS_CODE, CLIENT_TYPE_CODE, BAIL_FLAG, INSURANCE_FLAG, RESERVATION_TYPE, VEHICLE_TYPE) VALUES ( 'LSG Part c/ V Nova (', 'L', 'A', 'P', 1, 0, 'L', 'N');
INSERT INTO checklist.PACK (DESCRIPTION, PRODUCT_CODE, BUSINESS_CODE, CLIENT_TYPE_CODE, BAIL_FLAG, INSURANCE_FLAG, RESERVATION_TYPE, VEHICLE_TYPE) VALUES ( 'LSG Part c/ V Nova (', 'L', 'A', 'P', 0, 0, 'L', 'N');
INSERT INTO checklist.PACK (DESCRIPTION, PRODUCT_CODE, BUSINESS_CODE, CLIENT_TYPE_CODE, BAIL_FLAG, INSURANCE_FLAG, RESERVATION_TYPE, VEHICLE_TYPE) VALUES ( 'LSG Empresa c/ V Usa', 'L', 'A', 'N', 1, 0, 'L', 'U');
INSERT INTO checklist.PACK (DESCRIPTION, PRODUCT_CODE, BUSINESS_CODE, CLIENT_TYPE_CODE, BAIL_FLAG, INSURANCE_FLAG, RESERVATION_TYPE, VEHICLE_TYPE) VALUES ( 'LSG Empresa c/ V Usa', 'L', 'A', 'N', 0, 0, 'L', 'U');
INSERT INTO checklist.PACK (DESCRIPTION, PRODUCT_CODE, BUSINESS_CODE, CLIENT_TYPE_CODE, BAIL_FLAG, INSURANCE_FLAG, RESERVATION_TYPE, VEHICLE_TYPE) VALUES ( 'LSG Empresa c/ V Nov', 'L', 'A', 'N', 1, 0, 'L', 'N');
INSERT INTO checklist.PACK (DESCRIPTION, PRODUCT_CODE, BUSINESS_CODE, CLIENT_TYPE_CODE, BAIL_FLAG, INSURANCE_FLAG, RESERVATION_TYPE, VEHICLE_TYPE) VALUES ( 'LSG Empresa c/ V Nov', 'L', 'A', 'N', 0, 0, 'L', 'N');
INSERT INTO checklist.PACK (DESCRIPTION, PRODUCT_CODE, BUSINESS_CODE, CLIENT_TYPE_CODE, BAIL_FLAG, INSURANCE_FLAG, RESERVATION_TYPE, VEHICLE_TYPE) VALUES ( 'CRD/AUT/P/CRES/N', 'C', 'D', 'P', 1, 1, 'R', 'N');
INSERT INTO checklist.PACK (DESCRIPTION, PRODUCT_CODE, BUSINESS_CODE, CLIENT_TYPE_CODE, BAIL_FLAG, INSURANCE_FLAG, RESERVATION_TYPE, VEHICLE_TYPE) VALUES ( 'Crd/A/P/c/Res/N/s/sg', 'C', 'D', 'P', 1, 0, 'R', 'N');
INSERT INTO checklist.PACK (DESCRIPTION, PRODUCT_CODE, BUSINESS_CODE, CLIENT_TYPE_CODE, BAIL_FLAG, INSURANCE_FLAG, RESERVATION_TYPE, VEHICLE_TYPE) VALUES ( 'Crd Auto Part c/ Res', 'C', 'D', 'P', 0, 1, 'R', 'N');
INSERT INTO checklist.PACK (DESCRIPTION, PRODUCT_CODE, BUSINESS_CODE, CLIENT_TYPE_CODE, BAIL_FLAG, INSURANCE_FLAG, RESERVATION_TYPE, VEHICLE_TYPE) VALUES ( 'Crd Auto Part c/ Res', 'C', 'D', 'P', 0, 0, 'R', 'N');
INSERT INTO checklist.PACK (DESCRIPTION, PRODUCT_CODE, BUSINESS_CODE, CLIENT_TYPE_CODE, BAIL_FLAG, INSURANCE_FLAG, RESERVATION_TYPE, VEHICLE_TYPE) VALUES ( 'Crd Auto Part c/ Hip', 'C', 'D', 'P', 1, 1, 'H', 'N');
INSERT INTO checklist.PACK (DESCRIPTION, PRODUCT_CODE, BUSINESS_CODE, CLIENT_TYPE_CODE, BAIL_FLAG, INSURANCE_FLAG, RESERVATION_TYPE, VEHICLE_TYPE) VALUES ( 'Crd Auto Part c/ Hip', 'C', 'D', 'P', 1, 0, 'H', 'N');
INSERT INTO checklist.PACK (DESCRIPTION, PRODUCT_CODE, BUSINESS_CODE, CLIENT_TYPE_CODE, BAIL_FLAG, INSURANCE_FLAG, RESERVATION_TYPE, VEHICLE_TYPE) VALUES ( 'Crd Auto Part c/ Hip', 'C', 'D', 'P', 0, 1, 'H', 'N');
INSERT INTO checklist.PACK (DESCRIPTION, PRODUCT_CODE, BUSINESS_CODE, CLIENT_TYPE_CODE, BAIL_FLAG, INSURANCE_FLAG, RESERVATION_TYPE, VEHICLE_TYPE) VALUES ( 'Crd Auto Part c/ Hip', 'C', 'D', 'P', 0, 0, 'H', 'N');
INSERT INTO checklist.PACK (DESCRIPTION, PRODUCT_CODE, BUSINESS_CODE, CLIENT_TYPE_CODE, BAIL_FLAG, INSURANCE_FLAG, RESERVATION_TYPE, VEHICLE_TYPE) VALUES ( 'Crd Auto Part s/ Res', 'C', 'D', 'P', 1, 1, 'S', 'N');
INSERT INTO checklist.PACK (DESCRIPTION, PRODUCT_CODE, BUSINESS_CODE, CLIENT_TYPE_CODE, BAIL_FLAG, INSURANCE_FLAG, RESERVATION_TYPE, VEHICLE_TYPE) VALUES ( 'Crd Auto Part s/ Res', 'C', 'D', 'P', 1, 0, 'S', 'N');
INSERT INTO checklist.PACK (DESCRIPTION, PRODUCT_CODE, BUSINESS_CODE, CLIENT_TYPE_CODE, BAIL_FLAG, INSURANCE_FLAG, RESERVATION_TYPE, VEHICLE_TYPE) VALUES ( 'Crd Auto Part s/ Res', 'C', 'D', 'P', 0, 1, 'S', 'N');
INSERT INTO checklist.PACK (DESCRIPTION, PRODUCT_CODE, BUSINESS_CODE, CLIENT_TYPE_CODE, BAIL_FLAG, INSURANCE_FLAG, RESERVATION_TYPE, VEHICLE_TYPE) VALUES ( 'Crd Auto Part s/ Res', 'C', 'D', 'P', 0, 0, 'S', 'N');
INSERT INTO checklist.PACK (DESCRIPTION, PRODUCT_CODE, BUSINESS_CODE, CLIENT_TYPE_CODE, BAIL_FLAG, INSURANCE_FLAG, RESERVATION_TYPE, VEHICLE_TYPE) VALUES ( 'Crd Auto Part c/ Res', 'C', 'D', 'P', 1, 1, 'R', 'U');
INSERT INTO checklist.PACK (DESCRIPTION, PRODUCT_CODE, BUSINESS_CODE, CLIENT_TYPE_CODE, BAIL_FLAG, INSURANCE_FLAG, RESERVATION_TYPE, VEHICLE_TYPE) VALUES ( 'Crd Auto Part c/ Res', 'C', 'D', 'P', 1, 0, 'R', 'U');
INSERT INTO checklist.PACK (DESCRIPTION, PRODUCT_CODE, BUSINESS_CODE, CLIENT_TYPE_CODE, BAIL_FLAG, INSURANCE_FLAG, RESERVATION_TYPE, VEHICLE_TYPE) VALUES ( 'Crd Auto Part c/ Res', 'C', 'D', 'P', 0, 1, 'R', 'U');
INSERT INTO checklist.PACK (DESCRIPTION, PRODUCT_CODE, BUSINESS_CODE, CLIENT_TYPE_CODE, BAIL_FLAG, INSURANCE_FLAG, RESERVATION_TYPE, VEHICLE_TYPE) VALUES ( 'Crd Auto Part c/ Res', 'C', 'D', 'P', 0, 0, 'R', 'U');
INSERT INTO checklist.PACK (DESCRIPTION, PRODUCT_CODE, BUSINESS_CODE, CLIENT_TYPE_CODE, BAIL_FLAG, INSURANCE_FLAG, RESERVATION_TYPE, VEHICLE_TYPE) VALUES ( 'Crd Auto Part c/ Hip', 'C', 'D', 'P', 1, 1, 'H', 'U');
INSERT INTO checklist.PACK (DESCRIPTION, PRODUCT_CODE, BUSINESS_CODE, CLIENT_TYPE_CODE, BAIL_FLAG, INSURANCE_FLAG, RESERVATION_TYPE, VEHICLE_TYPE) VALUES ( 'Crd Auto Part c/ Hip', 'C', 'D', 'P', 1, 0, 'H', 'U');
INSERT INTO checklist.PACK (DESCRIPTION, PRODUCT_CODE, BUSINESS_CODE, CLIENT_TYPE_CODE, BAIL_FLAG, INSURANCE_FLAG, RESERVATION_TYPE, VEHICLE_TYPE) VALUES ( 'Crd Auto Part c/ Hip', 'C', 'D', 'P', 0, 1, 'H', 'U');
INSERT INTO checklist.PACK (DESCRIPTION, PRODUCT_CODE, BUSINESS_CODE, CLIENT_TYPE_CODE, BAIL_FLAG, INSURANCE_FLAG, RESERVATION_TYPE, VEHICLE_TYPE) VALUES ( 'Crd Auto Part c/ Hip', 'C', 'D', 'P', 0, 0, 'H', 'U');
INSERT INTO checklist.PACK (DESCRIPTION, PRODUCT_CODE, BUSINESS_CODE, CLIENT_TYPE_CODE, BAIL_FLAG, INSURANCE_FLAG, RESERVATION_TYPE, VEHICLE_TYPE) VALUES ( 'Crd Auto Part s/ Res', 'C', 'D', 'P', 1, 1, 'S', 'U');
INSERT INTO checklist.PACK (DESCRIPTION, PRODUCT_CODE, BUSINESS_CODE, CLIENT_TYPE_CODE, BAIL_FLAG, INSURANCE_FLAG, RESERVATION_TYPE, VEHICLE_TYPE) VALUES ( 'Crd Auto Part s/ Res', 'C', 'D', 'P', 1, 0, 'S', 'U');
INSERT INTO checklist.PACK (DESCRIPTION, PRODUCT_CODE, BUSINESS_CODE, CLIENT_TYPE_CODE, BAIL_FLAG, INSURANCE_FLAG, RESERVATION_TYPE, VEHICLE_TYPE) VALUES ( 'Crd Auto Part s/ Res', 'C', 'D', 'P', 0, 1, 'S', 'U');
INSERT INTO checklist.PACK (DESCRIPTION, PRODUCT_CODE, BUSINESS_CODE, CLIENT_TYPE_CODE, BAIL_FLAG, INSURANCE_FLAG, RESERVATION_TYPE, VEHICLE_TYPE) VALUES ( 'Crd Auto Part s/ Res', 'C', 'D', 'P', 0, 0, 'S', 'U');
INSERT INTO checklist.PACK (DESCRIPTION, PRODUCT_CODE, BUSINESS_CODE, CLIENT_TYPE_CODE, BAIL_FLAG, INSURANCE_FLAG, RESERVATION_TYPE, VEHICLE_TYPE) VALUES ( 'Crd Auto Empresa c/ ', 'C', 'D', 'N', 1, 1, 'R', 'U');
INSERT INTO checklist.PACK (DESCRIPTION, PRODUCT_CODE, BUSINESS_CODE, CLIENT_TYPE_CODE, BAIL_FLAG, INSURANCE_FLAG, RESERVATION_TYPE, VEHICLE_TYPE) VALUES ( 'Crd Auto Empresa c/ ', 'C', 'D', 'N', 1, 0, 'R', 'U');
INSERT INTO checklist.PACK (DESCRIPTION, PRODUCT_CODE, BUSINESS_CODE, CLIENT_TYPE_CODE, BAIL_FLAG, INSURANCE_FLAG, RESERVATION_TYPE, VEHICLE_TYPE) VALUES ( 'Crd Auto Empresa c/ ', 'C', 'D', 'N', 0, 1, 'R', 'U');
INSERT INTO checklist.PACK (DESCRIPTION, PRODUCT_CODE, BUSINESS_CODE, CLIENT_TYPE_CODE, BAIL_FLAG, INSURANCE_FLAG, RESERVATION_TYPE, VEHICLE_TYPE) VALUES ( 'Crd Auto Empresa c/ ', 'C', 'D', 'N', 0, 0, 'R', 'U');
INSERT INTO checklist.PACK (DESCRIPTION, PRODUCT_CODE, BUSINESS_CODE, CLIENT_TYPE_CODE, BAIL_FLAG, INSURANCE_FLAG, RESERVATION_TYPE, VEHICLE_TYPE) VALUES ( 'Crd Auto Empresa c/ ', 'C', 'D', 'N', 1, 1, 'H', 'U');
INSERT INTO checklist.PACK (DESCRIPTION, PRODUCT_CODE, BUSINESS_CODE, CLIENT_TYPE_CODE, BAIL_FLAG, INSURANCE_FLAG, RESERVATION_TYPE, VEHICLE_TYPE) VALUES ( 'Crd Auto Empresa c/ ', 'C', 'D', 'N', 1, 0, 'H', 'U');
INSERT INTO checklist.PACK (DESCRIPTION, PRODUCT_CODE, BUSINESS_CODE, CLIENT_TYPE_CODE, BAIL_FLAG, INSURANCE_FLAG, RESERVATION_TYPE, VEHICLE_TYPE) VALUES ( 'Crd Auto Empresa c/ ', 'C', 'D', 'N', 0, 1, 'H', 'U');
INSERT INTO checklist.PACK (DESCRIPTION, PRODUCT_CODE, BUSINESS_CODE, CLIENT_TYPE_CODE, BAIL_FLAG, INSURANCE_FLAG, RESERVATION_TYPE, VEHICLE_TYPE) VALUES ( 'Crd Auto Empresa c/ ', 'C', 'D', 'N', 0, 0, 'H', 'U');
INSERT INTO checklist.PACK (DESCRIPTION, PRODUCT_CODE, BUSINESS_CODE, CLIENT_TYPE_CODE, BAIL_FLAG, INSURANCE_FLAG, RESERVATION_TYPE, VEHICLE_TYPE) VALUES ( 'Crd Auto Empresa s/ ', 'C', 'D', 'N', 1, 1, 'S', 'U');
INSERT INTO checklist.PACK (DESCRIPTION, PRODUCT_CODE, BUSINESS_CODE, CLIENT_TYPE_CODE, BAIL_FLAG, INSURANCE_FLAG, RESERVATION_TYPE, VEHICLE_TYPE) VALUES ( 'Crd Auto Empresa s/ ', 'C', 'D', 'N', 1, 0, 'S', 'U');
INSERT INTO checklist.PACK (DESCRIPTION, PRODUCT_CODE, BUSINESS_CODE, CLIENT_TYPE_CODE, BAIL_FLAG, INSURANCE_FLAG, RESERVATION_TYPE, VEHICLE_TYPE) VALUES ( 'Crd Auto Empresa s/ ', 'C', 'D', 'N', 0, 1, 'S', 'U');
INSERT INTO checklist.PACK (DESCRIPTION, PRODUCT_CODE, BUSINESS_CODE, CLIENT_TYPE_CODE, BAIL_FLAG, INSURANCE_FLAG, RESERVATION_TYPE, VEHICLE_TYPE) VALUES ( 'Crd Auto Empresa s/ ', 'C', 'D', 'N', 0, 0, 'S', 'U');
INSERT INTO checklist.PACK (DESCRIPTION, PRODUCT_CODE, BUSINESS_CODE, CLIENT_TYPE_CODE, BAIL_FLAG, INSURANCE_FLAG, RESERVATION_TYPE, VEHICLE_TYPE) VALUES ( 'Crd Auto Empresa c/ ', 'C', 'D', 'N', 1, 1, 'R', 'N');
INSERT INTO checklist.PACK (DESCRIPTION, PRODUCT_CODE, BUSINESS_CODE, CLIENT_TYPE_CODE, BAIL_FLAG, INSURANCE_FLAG, RESERVATION_TYPE, VEHICLE_TYPE) VALUES ( 'Crd Auto Empresa c/ ', 'C', 'D', 'N', 1, 0, 'R', 'N');
INSERT INTO checklist.PACK (DESCRIPTION, PRODUCT_CODE, BUSINESS_CODE, CLIENT_TYPE_CODE, BAIL_FLAG, INSURANCE_FLAG, RESERVATION_TYPE, VEHICLE_TYPE) VALUES ( 'Crd Auto Empresa c/ ', 'C', 'D', 'N', 0, 1, 'R', 'N');
INSERT INTO checklist.PACK (DESCRIPTION, PRODUCT_CODE, BUSINESS_CODE, CLIENT_TYPE_CODE, BAIL_FLAG, INSURANCE_FLAG, RESERVATION_TYPE, VEHICLE_TYPE) VALUES ( 'Crd Auto Empresa c/ ', 'C', 'D', 'N', 0, 0, 'R', 'N');
INSERT INTO checklist.PACK (DESCRIPTION, PRODUCT_CODE, BUSINESS_CODE, CLIENT_TYPE_CODE, BAIL_FLAG, INSURANCE_FLAG, RESERVATION_TYPE, VEHICLE_TYPE) VALUES ( 'Crd Auto Empresa c/ ', 'C', 'D', 'N', 1, 1, 'H', 'N');
INSERT INTO checklist.PACK (DESCRIPTION, PRODUCT_CODE, BUSINESS_CODE, CLIENT_TYPE_CODE, BAIL_FLAG, INSURANCE_FLAG, RESERVATION_TYPE, VEHICLE_TYPE) VALUES ( 'Crd Auto Empresa c/ ', 'C', 'D', 'N', 1, 0, 'H', 'N');
INSERT INTO checklist.PACK (DESCRIPTION, PRODUCT_CODE, BUSINESS_CODE, CLIENT_TYPE_CODE, BAIL_FLAG, INSURANCE_FLAG, RESERVATION_TYPE, VEHICLE_TYPE) VALUES ( 'Crd Auto Empresa c/ ', 'C', 'D', 'N', 0, 1, 'H', 'N');
INSERT INTO checklist.PACK (DESCRIPTION, PRODUCT_CODE, BUSINESS_CODE, CLIENT_TYPE_CODE, BAIL_FLAG, INSURANCE_FLAG, RESERVATION_TYPE, VEHICLE_TYPE) VALUES ( 'Crd Auto Empresa c/ ', 'C', 'D', 'N', 0, 0, 'H', 'N');
INSERT INTO checklist.PACK (DESCRIPTION, PRODUCT_CODE, BUSINESS_CODE, CLIENT_TYPE_CODE, BAIL_FLAG, INSURANCE_FLAG, RESERVATION_TYPE, VEHICLE_TYPE) VALUES ( 'Crd Auto Empresa s/ ', 'C', 'D', 'N', 1, 1, 'S', 'N');
INSERT INTO checklist.PACK (DESCRIPTION, PRODUCT_CODE, BUSINESS_CODE, CLIENT_TYPE_CODE, BAIL_FLAG, INSURANCE_FLAG, RESERVATION_TYPE, VEHICLE_TYPE) VALUES ( 'Crd Auto Empresa s/ ', 'C', 'D', 'N', 1, 0, 'S', 'N');
INSERT INTO checklist.PACK (DESCRIPTION, PRODUCT_CODE, BUSINESS_CODE, CLIENT_TYPE_CODE, BAIL_FLAG, INSURANCE_FLAG, RESERVATION_TYPE, VEHICLE_TYPE) VALUES ( 'Crd Auto Empresa s/ ', 'C', 'D', 'N', 0, 1, 'S', 'N');
INSERT INTO checklist.PACK (DESCRIPTION, PRODUCT_CODE, BUSINESS_CODE, CLIENT_TYPE_CODE, BAIL_FLAG, INSURANCE_FLAG, RESERVATION_TYPE, VEHICLE_TYPE) VALUES ( 'Crd Auto Empresa s/ ', 'C', 'D', 'N', 0, 0, 'S', 'N');
INSERT INTO checklist.PACK (DESCRIPTION, PRODUCT_CODE, BUSINESS_CODE, CLIENT_TYPE_CODE, BAIL_FLAG, INSURANCE_FLAG, RESERVATION_TYPE, VEHICLE_TYPE) VALUES ( 'Crd Lar Part', 'C', 'D', 'P', 1, 1, null, null);
INSERT INTO checklist.PACK (DESCRIPTION, PRODUCT_CODE, BUSINESS_CODE, CLIENT_TYPE_CODE, BAIL_FLAG, INSURANCE_FLAG, RESERVATION_TYPE, VEHICLE_TYPE) VALUES ( 'Crd Lar Part (s/ seg', 'C', 'D', 'P', 1, 0, null, null);
INSERT INTO checklist.PACK (DESCRIPTION, PRODUCT_CODE, BUSINESS_CODE, CLIENT_TYPE_CODE, BAIL_FLAG, INSURANCE_FLAG, RESERVATION_TYPE, VEHICLE_TYPE) VALUES ( 'Crd Lar Part (s/ liv', 'C', 'D', 'P', 0, 1, null, null);
INSERT INTO checklist.PACK (DESCRIPTION, PRODUCT_CODE, BUSINESS_CODE, CLIENT_TYPE_CODE, BAIL_FLAG, INSURANCE_FLAG, RESERVATION_TYPE, VEHICLE_TYPE) VALUES ( 'Crd Lar Part (s/ liv', 'C', 'D', 'P', 0, 0, null, null);
INSERT INTO checklist.PACK (DESCRIPTION, PRODUCT_CODE, BUSINESS_CODE, CLIENT_TYPE_CODE, BAIL_FLAG, INSURANCE_FLAG, RESERVATION_TYPE, VEHICLE_TYPE) VALUES ( 'Crd Lar Empresa', 'C', 'D', 'N', 1, 1, null, null);
INSERT INTO checklist.PACK (DESCRIPTION, PRODUCT_CODE, BUSINESS_CODE, CLIENT_TYPE_CODE, BAIL_FLAG, INSURANCE_FLAG, RESERVATION_TYPE, VEHICLE_TYPE) VALUES ( 'Crd Lar Empresa (s/ ', 'C', 'D', 'N', 1, 0, null, null);
INSERT INTO checklist.PACK (DESCRIPTION, PRODUCT_CODE, BUSINESS_CODE, CLIENT_TYPE_CODE, BAIL_FLAG, INSURANCE_FLAG, RESERVATION_TYPE, VEHICLE_TYPE) VALUES ( 'Crd Lar Empresa (s/ ', 'C', 'D', 'N', 0, 1, null, null);
INSERT INTO checklist.PACK (DESCRIPTION, PRODUCT_CODE, BUSINESS_CODE, CLIENT_TYPE_CODE, BAIL_FLAG, INSURANCE_FLAG, RESERVATION_TYPE, VEHICLE_TYPE) VALUES ( 'Crd Lar Empresa (s/ ', 'C', 'D', 'N', 0, 0, null, null);
INSERT INTO checklist.PACK (DESCRIPTION, PRODUCT_CODE, BUSINESS_CODE, CLIENT_TYPE_CODE, BAIL_FLAG, INSURANCE_FLAG, RESERVATION_TYPE, VEHICLE_TYPE) VALUES ( 'ALD Part c/ V Usada ', 'A', 'D', 'P', 1, 0, 'L', 'U');
INSERT INTO checklist.PACK (DESCRIPTION, PRODUCT_CODE, BUSINESS_CODE, CLIENT_TYPE_CODE, BAIL_FLAG, INSURANCE_FLAG, RESERVATION_TYPE, VEHICLE_TYPE) VALUES ( 'ALD Part c/ V Usada ', 'A', 'D', 'P', 0, 0, 'L', 'U');
INSERT INTO checklist.PACK (DESCRIPTION, PRODUCT_CODE, BUSINESS_CODE, CLIENT_TYPE_CODE, BAIL_FLAG, INSURANCE_FLAG, RESERVATION_TYPE, VEHICLE_TYPE) VALUES ( 'ALD Part c/ V Nova (', 'A', 'D', 'P', 1, 0, 'L', 'N');
INSERT INTO checklist.PACK (DESCRIPTION, PRODUCT_CODE, BUSINESS_CODE, CLIENT_TYPE_CODE, BAIL_FLAG, INSURANCE_FLAG, RESERVATION_TYPE, VEHICLE_TYPE) VALUES ( 'ALD Part c/ V Nova (', 'A', 'D', 'P', 0, 0, 'L', 'N');
INSERT INTO checklist.PACK (DESCRIPTION, PRODUCT_CODE, BUSINESS_CODE, CLIENT_TYPE_CODE, BAIL_FLAG, INSURANCE_FLAG, RESERVATION_TYPE, VEHICLE_TYPE) VALUES ( 'ALD Empresa c/ V Usa', 'A', 'D', 'N', 1, 0, 'L', 'U');
INSERT INTO checklist.PACK (DESCRIPTION, PRODUCT_CODE, BUSINESS_CODE, CLIENT_TYPE_CODE, BAIL_FLAG, INSURANCE_FLAG, RESERVATION_TYPE, VEHICLE_TYPE) VALUES ( 'ALD Empresa c/ V Usa', 'A', 'D', 'N', 0, 0, 'L', 'U');
INSERT INTO checklist.PACK (DESCRIPTION, PRODUCT_CODE, BUSINESS_CODE, CLIENT_TYPE_CODE, BAIL_FLAG, INSURANCE_FLAG, RESERVATION_TYPE, VEHICLE_TYPE) VALUES ( 'ALD Empresa c/ V Nov', 'A', 'D', 'N', 1, 0, 'L', 'N');
INSERT INTO checklist.PACK (DESCRIPTION, PRODUCT_CODE, BUSINESS_CODE, CLIENT_TYPE_CODE, BAIL_FLAG, INSURANCE_FLAG, RESERVATION_TYPE, VEHICLE_TYPE) VALUES ( 'ALD Empresa c/ V Nov', 'A', 'D', 'N', 0, 0, 'L', 'N');
INSERT INTO checklist.PACK (DESCRIPTION, PRODUCT_CODE, BUSINESS_CODE, CLIENT_TYPE_CODE, BAIL_FLAG, INSURANCE_FLAG, RESERVATION_TYPE, VEHICLE_TYPE) VALUES ( 'LSG Part c/ V Usada ', 'L', 'D', 'P', 1, 0, 'L', 'U');
INSERT INTO checklist.PACK (DESCRIPTION, PRODUCT_CODE, BUSINESS_CODE, CLIENT_TYPE_CODE, BAIL_FLAG, INSURANCE_FLAG, RESERVATION_TYPE, VEHICLE_TYPE) VALUES ( 'LSG Part c/ V Usada ', 'L', 'D', 'P', 0, 0, 'L', 'U');
INSERT INTO checklist.PACK (DESCRIPTION, PRODUCT_CODE, BUSINESS_CODE, CLIENT_TYPE_CODE, BAIL_FLAG, INSURANCE_FLAG, RESERVATION_TYPE, VEHICLE_TYPE) VALUES ( 'LSG Part c/ V Nova (', 'L', 'D', 'P', 1, 0, 'L', 'N');
INSERT INTO checklist.PACK (DESCRIPTION, PRODUCT_CODE, BUSINESS_CODE, CLIENT_TYPE_CODE, BAIL_FLAG, INSURANCE_FLAG, RESERVATION_TYPE, VEHICLE_TYPE) VALUES ( 'LSG Part c/ V Nova (', 'L', 'D', 'P', 0, 0, 'L', 'N');
INSERT INTO checklist.PACK (DESCRIPTION, PRODUCT_CODE, BUSINESS_CODE, CLIENT_TYPE_CODE, BAIL_FLAG, INSURANCE_FLAG, RESERVATION_TYPE, VEHICLE_TYPE) VALUES ( 'LSG Empresa c/ V Usa', 'L', 'D', 'N', 1, 0, 'L', 'U');
INSERT INTO checklist.PACK (DESCRIPTION, PRODUCT_CODE, BUSINESS_CODE, CLIENT_TYPE_CODE, BAIL_FLAG, INSURANCE_FLAG, RESERVATION_TYPE, VEHICLE_TYPE) VALUES ( 'LSG Empresa c/ V Usa', 'L', 'D', 'N', 0, 0, 'L', 'U');
INSERT INTO checklist.PACK (DESCRIPTION, PRODUCT_CODE, BUSINESS_CODE, CLIENT_TYPE_CODE, BAIL_FLAG, INSURANCE_FLAG, RESERVATION_TYPE, VEHICLE_TYPE) VALUES ( 'LSG Empresa c/ V Nov', 'L', 'D', 'N', 1, 0, 'L', 'N');
INSERT INTO checklist.PACK (DESCRIPTION, PRODUCT_CODE, BUSINESS_CODE, CLIENT_TYPE_CODE, BAIL_FLAG, INSURANCE_FLAG, RESERVATION_TYPE, VEHICLE_TYPE) VALUES ( 'LSG Empresa c/ V Nov', 'L', 'D', 'N', 0, 0, 'L', 'N');
INSERT INTO checklist.PACK (DESCRIPTION, PRODUCT_CODE, BUSINESS_CODE, CLIENT_TYPE_CODE, BAIL_FLAG, INSURANCE_FLAG, RESERVATION_TYPE, VEHICLE_TYPE) VALUES ( 'LSG Part c/ V Usada', 'L', 'L', 'P', 1, 0, 'L', null);
INSERT INTO checklist.PACK (DESCRIPTION, PRODUCT_CODE, BUSINESS_CODE, CLIENT_TYPE_CODE, BAIL_FLAG, INSURANCE_FLAG, RESERVATION_TYPE, VEHICLE_TYPE) VALUES ( 'LSG Part c/ V Usada', 'L', 'L', 'P', 0, 0, 'L', null);
INSERT INTO checklist.PACK (DESCRIPTION, PRODUCT_CODE, BUSINESS_CODE, CLIENT_TYPE_CODE, BAIL_FLAG, INSURANCE_FLAG, RESERVATION_TYPE, VEHICLE_TYPE) VALUES ( 'LSG Part c/ V Nova (', 'L', 'L', 'P', 1, 0, 'L', null);
INSERT INTO checklist.PACK (DESCRIPTION, PRODUCT_CODE, BUSINESS_CODE, CLIENT_TYPE_CODE, BAIL_FLAG, INSURANCE_FLAG, RESERVATION_TYPE, VEHICLE_TYPE) VALUES ( 'LSG Part c/ V Nova (', 'L', 'L', 'P', 0, 0, 'L', null);
INSERT INTO checklist.PACK (DESCRIPTION, PRODUCT_CODE, BUSINESS_CODE, CLIENT_TYPE_CODE, BAIL_FLAG, INSURANCE_FLAG, RESERVATION_TYPE, VEHICLE_TYPE) VALUES ( 'LSG Empresa c/ V Usa', 'L', 'L', 'N', 1, 0, 'L', null);
INSERT INTO checklist.PACK (DESCRIPTION, PRODUCT_CODE, BUSINESS_CODE, CLIENT_TYPE_CODE, BAIL_FLAG, INSURANCE_FLAG, RESERVATION_TYPE, VEHICLE_TYPE) VALUES ( 'LSG Empresa c/ V Usa', 'L', 'L', 'N', 0, 0, 'L', null);
INSERT INTO checklist.PACK (DESCRIPTION, PRODUCT_CODE, BUSINESS_CODE, CLIENT_TYPE_CODE, BAIL_FLAG, INSURANCE_FLAG, RESERVATION_TYPE, VEHICLE_TYPE) VALUES ( 'LSG Empresa c/ V Nov', 'L', 'L', 'N', 1, 0, 'L', null);
INSERT INTO checklist.PACK (DESCRIPTION, PRODUCT_CODE, BUSINESS_CODE, CLIENT_TYPE_CODE, BAIL_FLAG, INSURANCE_FLAG, RESERVATION_TYPE, VEHICLE_TYPE) VALUES ( 'LSG Empresa c/ V Nov', 'L', 'L', 'N', 0, 0, 'L', null);
INSERT INTO checklist.PACK (DESCRIPTION, PRODUCT_CODE, BUSINESS_CODE, CLIENT_TYPE_CODE, BAIL_FLAG, INSURANCE_FLAG, RESERVATION_TYPE, VEHICLE_TYPE) VALUES ( 'Revolving c/ seguro', 'R', 'D', 'P', 0, 1, null, null);
INSERT INTO checklist.PACK (DESCRIPTION, PRODUCT_CODE, BUSINESS_CODE, CLIENT_TYPE_CODE, BAIL_FLAG, INSURANCE_FLAG, RESERVATION_TYPE, VEHICLE_TYPE) VALUES ( 'Revolving S/ seguro', 'R', 'D', 'P', 0, 0, null, null);

/*TPEND005 data*/
INSERT INTO checklist.REASON ( DESCRIPTION, ACTIVE_FLAG) VALUES ( 'Rasurado', 1);
INSERT INTO checklist.REASON ( DESCRIPTION, ACTIVE_FLAG) VALUES ( 'Ilegivel', 1);
INSERT INTO checklist.REASON ( DESCRIPTION, ACTIVE_FLAG) VALUES ( 'Caducado', 1);
INSERT INTO checklist.REASON ( DESCRIPTION, ACTIVE_FLAG) VALUES ( 'Novo Contrato Assinado por todos os intervenientes conforme BI.                ', 1);
INSERT INTO checklist.REASON ( DESCRIPTION, ACTIVE_FLAG) VALUES ( 'Nova Livrança Assinada por todos os intervenientes conforme BI.       ', 1);
INSERT INTO checklist.REASON ( DESCRIPTION, ACTIVE_FLAG) VALUES ( 'Falta Auto de recepçao assinado pelo cliente, assinado e carimbado pelo PV', 1);
INSERT INTO checklist.REASON ( DESCRIPTION, ACTIVE_FLAG) VALUES ( 'Falta frente do Documento Identificaçao', 1);
INSERT INTO checklist.REASON ( DESCRIPTION, ACTIVE_FLAG) VALUES ( 'Falta verso do Documento Identificaçao', 1);
INSERT INTO checklist.REASON ( DESCRIPTION, ACTIVE_FLAG) VALUES ( 'Inválido', 1);
INSERT INTO checklist.REASON ( DESCRIPTION, ACTIVE_FLAG) VALUES ( 'Falta comprovativo de Morada Fiscal ou Sede', 1);
INSERT INTO checklist.REASON ( DESCRIPTION, ACTIVE_FLAG) VALUES ( 'Aguarda outro Nib para análise                                        ', 1);
INSERT INTO checklist.REASON ( DESCRIPTION, ACTIVE_FLAG) VALUES ( 'Aguarda outro NIB sociedade para análise                              ', 1);
INSERT INTO checklist.REASON ( DESCRIPTION, ACTIVE_FLAG) VALUES ( 'Aguarda NIB para análise                                                ', 1);
INSERT INTO checklist.REASON ( DESCRIPTION, ACTIVE_FLAG) VALUES ( 'Falta comprovativo Rendimentos (IRS último ano fiscal ou código validaçao)', 1);
INSERT INTO checklist.REASON ( DESCRIPTION, ACTIVE_FLAG) VALUES ( 'Falta Nota de Liquidaçao IRS', 1);
INSERT INTO checklist.REASON ( DESCRIPTION, ACTIVE_FLAG) VALUES ( 'Falta Modelo 22 ultimo exercício/código validaçao internet', 1);
INSERT INTO checklist.REASON ( DESCRIPTION, ACTIVE_FLAG) VALUES ( 'Falta Categoria profissional/Entidade Patronal                              ', 1);
INSERT INTO checklist.REASON ( DESCRIPTION, ACTIVE_FLAG) VALUES ( 'Aguarda antiguidade empregado/habitaçao', 1);
INSERT INTO checklist.REASON ( DESCRIPTION, ACTIVE_FLAG) VALUES ( 'Falta Confirmar código de actividade (CAE)                                  ', 1);
INSERT INTO checklist.REASON ( DESCRIPTION, ACTIVE_FLAG) VALUES ( 'Falta Declaraç?o E.N.I.                                                     ', 1);
INSERT INTO checklist.REASON ( DESCRIPTION, ACTIVE_FLAG) VALUES ( 'Não aceite', 1);
INSERT INTO checklist.REASON ( DESCRIPTION, ACTIVE_FLAG) VALUES ( 'Falta nº Chassis', 1);
INSERT INTO checklist.REASON ( DESCRIPTION, ACTIVE_FLAG) VALUES ( 'Falta cópia Documento Automóvel Importado na origem', 1);
INSERT INTO checklist.REASON ( DESCRIPTION, ACTIVE_FLAG) VALUES ( 'Falta Comprovativo de pagamento carecteristicas IMTT                            ', 1);
INSERT INTO checklist.REASON ( DESCRIPTION, ACTIVE_FLAG) VALUES ( 'Modelo unico de Venda do actual proprietário nao pode conter rasuras', 1);
INSERT INTO checklist.REASON ( DESCRIPTION, ACTIVE_FLAG) VALUES ( 'Falta Modelo unico a Comprar com assinaturas conforme B.I', 1);
INSERT INTO checklist.REASON ( DESCRIPTION, ACTIVE_FLAG) VALUES ( 'Modelo unico a comprar nao pode conter rasuras', 1);
INSERT INTO checklist.REASON ( DESCRIPTION, ACTIVE_FLAG) VALUES ( 'Falta Marca/Modelo/Versao completa viatura /Cilindrada', 1);
INSERT INTO checklist.REASON ( DESCRIPTION, ACTIVE_FLAG) VALUES ( 'Falta Data e Matrícula da viatura                                           ', 1);
INSERT INTO checklist.REASON ( DESCRIPTION, ACTIVE_FLAG) VALUES ( 'Falta Comprovativo de aquisiçao em regime especial de abate', 1);
INSERT INTO checklist.REASON ( DESCRIPTION, ACTIVE_FLAG) VALUES ( 'Confirmada Falta de liquidaçao de contrato numa outra financeira', 1);
INSERT INTO checklist.REASON ( DESCRIPTION, ACTIVE_FLAG) VALUES ( 'Falta original', 1);
INSERT INTO checklist.REASON ( DESCRIPTION, ACTIVE_FLAG) VALUES ( 'Irresoluvel  PV', 1);
INSERT INTO checklist.REASON ( DESCRIPTION, ACTIVE_FLAG) VALUES ( 'Irresoluvel Cliente', 1);
INSERT INTO checklist.REASON ( DESCRIPTION, ACTIVE_FLAG) VALUES ( 'CC caducado', 1);
INSERT INTO checklist.REASON ( DESCRIPTION, ACTIVE_FLAG) VALUES ( 'Necessário cc completo (anexado apenas frente do doc.)', 1);
INSERT INTO checklist.REASON ( DESCRIPTION, ACTIVE_FLAG) VALUES ( 'Necessário cc completo (anexado apenas verso do doc.)', 1);
INSERT INTO checklist.REASON ( DESCRIPTION, ACTIVE_FLAG) VALUES ( 'Necessário doc. com nº contribuinte (NIF)', 1);
INSERT INTO checklist.REASON ( DESCRIPTION, ACTIVE_FLAG) VALUES ( 'Necessário contacto telefónico (não inserido)', 1);
INSERT INTO checklist.REASON ( DESCRIPTION, ACTIVE_FLAG) VALUES ( 'Necessário contacto pessoal diferente de contacto emprego', 1);
INSERT INTO checklist.REASON ( DESCRIPTION, ACTIVE_FLAG) VALUES ( 'Necessário contacto alternativo (mesmo contacto em ambos os titulares) ', 1);
INSERT INTO checklist.REASON ( DESCRIPTION, ACTIVE_FLAG) VALUES ( 'Necessário documento pessoal com assinatura legivel', 1);
INSERT INTO checklist.REASON ( DESCRIPTION, ACTIVE_FLAG) VALUES ( 'Necessária morada do ultimo trimestre', 1);
INSERT INTO checklist.REASON ( DESCRIPTION, ACTIVE_FLAG) VALUES ( 'Necessária morada com código postal completo', 1);
INSERT INTO checklist.REASON ( DESCRIPTION, ACTIVE_FLAG) VALUES ( 'Necessário IRS válido (doc. caducado)', 1);
INSERT INTO checklist.REASON ( DESCRIPTION, ACTIVE_FLAG) VALUES ( 'Necessário IRS válido (doc. anexado não é IRS definitivo)', 1);
INSERT INTO checklist.REASON ( DESCRIPTION, ACTIVE_FLAG) VALUES ( 'Necessário IRS válido (código não aceite / inválido)', 1);
INSERT INTO checklist.REASON ( DESCRIPTION, ACTIVE_FLAG) VALUES ( 'Necessário IRS (cliente sócio gerente)', 1);
INSERT INTO checklist.REASON ( DESCRIPTION, ACTIVE_FLAG) VALUES ( 'Necessários recibos do ultimo trimestre (ajudas de custo / valores variaveis)', 1);
INSERT INTO checklist.REASON ( DESCRIPTION, ACTIVE_FLAG) VALUES ( 'Necessário comprovativo de IBAN igual ao carregado', 1);
INSERT INTO checklist.REASON ( DESCRIPTION, ACTIVE_FLAG) VALUES ( 'Necessário comprovativo de IBAN com titularidade', 1);
INSERT INTO checklist.REASON ( DESCRIPTION, ACTIVE_FLAG) VALUES ( 'Necessário comprovativo de IBAN em nome de 2º titular.', 1);
INSERT INTO checklist.REASON ( DESCRIPTION, ACTIVE_FLAG) VALUES ( 'Necessária Certidão Comercial válida (cód. validação caducado)', 1);
INSERT INTO checklist.REASON ( DESCRIPTION, ACTIVE_FLAG) VALUES ( 'Necessário Ctro com assinatura igual ao doc. de identificação', 1);
INSERT INTO checklist.REASON ( DESCRIPTION, ACTIVE_FLAG) VALUES ( 'Necessário novo Ctro (corrigido ano/mês/cilindrada/modelo viatura)', 1);
INSERT INTO checklist.REASON ( DESCRIPTION, ACTIVE_FLAG) VALUES ( 'Necessário Ctro digitalizado na totalidade', 1);
INSERT INTO checklist.REASON ( DESCRIPTION, ACTIVE_FLAG) VALUES ( 'Necessário Sepa em nome de 2º titular', 1);
INSERT INTO checklist.REASON ( DESCRIPTION, ACTIVE_FLAG) VALUES ( 'Necessário Sepa com IBAN corrigido', 1);
INSERT INTO checklist.REASON ( DESCRIPTION, ACTIVE_FLAG) VALUES ( 'Necessária nova livrança - assinatura ultrapassa limites destinados para efeito', 1);
INSERT INTO checklist.REASON ( DESCRIPTION, ACTIVE_FLAG) VALUES ( 'Necessária digitalização do verso da livrança', 1);
INSERT INTO checklist.REASON ( DESCRIPTION, ACTIVE_FLAG) VALUES ( 'Livrança mal carimbada  - carimbo ultrapassa limites destinados para efeito', 1);
INSERT INTO checklist.REASON ( DESCRIPTION, ACTIVE_FLAG) VALUES ( 'Necessário Seguro digitalizado na totalidade', 1);
INSERT INTO checklist.REASON ( DESCRIPTION, ACTIVE_FLAG) VALUES ( 'Necessário Seguro digitalizado na totalidade', 1);
INSERT INTO checklist.REASON ( DESCRIPTION, ACTIVE_FLAG) VALUES ( 'Necessário BEF carimbado, datado e com NIPC inserido', 1);
INSERT INTO checklist.REASON ( DESCRIPTION, ACTIVE_FLAG) VALUES ( 'Necessária Minuta (processo empresa) - doc disponível com denominação DVI', 1);
INSERT INTO checklist.REASON ( DESCRIPTION, ACTIVE_FLAG) VALUES ( 'Necessário modelo compra com morada completa', 1);
INSERT INTO checklist.REASON ( DESCRIPTION, ACTIVE_FLAG) VALUES ( 'Necessário modelo compra com morada corrigida', 1);
INSERT INTO checklist.REASON ( DESCRIPTION, ACTIVE_FLAG) VALUES ( 'Necessário DUA completo', 1);
INSERT INTO checklist.REASON ( DESCRIPTION, ACTIVE_FLAG) VALUES ( 'Necessária DAV válida ', 1);
INSERT INTO checklist.REASON ( DESCRIPTION, ACTIVE_FLAG) VALUES ( 'Necessária DAV respeitante a viatura inserida em sistema', 1);
INSERT INTO checklist.REASON ( DESCRIPTION, ACTIVE_FLAG) VALUES ( 'Necessário Leitura DUAPP completa', 1);
INSERT INTO checklist.REASON ( DESCRIPTION, ACTIVE_FLAG) VALUES ( 'Falta decl. reconhecida em nome tit. DAV p/ autorização registo inicial viatura', 1);
INSERT INTO checklist.REASON ( DESCRIPTION, ACTIVE_FLAG) VALUES ( 'Necessário modelo ex-proprietário em nome do proprietário do DUA ', 1);
INSERT INTO checklist.REASON ( DESCRIPTION, ACTIVE_FLAG) VALUES ( 'Necessário modelo ex-proprietário em nome do proprietário da DAV', 1);
INSERT INTO checklist.REASON ( DESCRIPTION, ACTIVE_FLAG) VALUES ( 'Falta novo mod. compra (assinado indevidamente em local destinado ao vendedor)', 1);
INSERT INTO checklist.REASON ( DESCRIPTION, ACTIVE_FLAG) VALUES ( 'Falta novo mod. venda (assinado indevidamente em local destinado ao comprador)', 1);
INSERT INTO checklist.REASON ( DESCRIPTION, ACTIVE_FLAG) VALUES ( 'Falta modelo único assinado a comprar e a vender (processo só averbamento) ', 1);
INSERT INTO checklist.REASON ( DESCRIPTION, ACTIVE_FLAG) VALUES ( 'Necessário envio do conluido do online', 1);
INSERT INTO checklist.REASON ( DESCRIPTION, ACTIVE_FLAG) VALUES ( 'Necessário reconhecimento do modelo de compra', 1);
INSERT INTO checklist.REASON ( DESCRIPTION, ACTIVE_FLAG) VALUES ( 'Necessário reconhecimento do modelo do ex-proprietário', 1);
INSERT INTO checklist.REASON ( DESCRIPTION, ACTIVE_FLAG) VALUES ( 'Necessários elementos do fornecedor particular (cc, morada, nib)', 1);
INSERT INTO checklist.REASON ( DESCRIPTION, ACTIVE_FLAG) VALUES ( 'Necessário elementos do fornecedor empresa (certidão comercial, nib)', 1);
INSERT INTO checklist.REASON ( DESCRIPTION, ACTIVE_FLAG) VALUES ( 'Aguarda extração dados do DUAPP', 1);
INSERT INTO checklist.REASON ( DESCRIPTION, ACTIVE_FLAG) VALUES ( 'Falta inserção carateriscicas viatura no IMT (PCV)', 1);
INSERT INTO checklist.REASON ( DESCRIPTION, ACTIVE_FLAG) VALUES ( 'Declaração do locatário a prescindir dos direitos à viatura', 1);
INSERT INTO checklist.REASON ( DESCRIPTION, ACTIVE_FLAG) VALUES ( 'Necessário auto de recepção assinado e carimbado por fornecedor', 1);
INSERT INTO checklist.REASON ( DESCRIPTION, ACTIVE_FLAG) VALUES ( 'Necessário auto de recepção assinado e carimbado por titular', 1);
INSERT INTO checklist.REASON ( DESCRIPTION, ACTIVE_FLAG) VALUES ( 'Necessário auto de recepção assinado por titular', 1);
INSERT INTO checklist.REASON ( DESCRIPTION, ACTIVE_FLAG) VALUES ( 'Necessárias todas as páginas rubricadas por titular(es)', 1);
INSERT INTO checklist.REASON ( DESCRIPTION, ACTIVE_FLAG) VALUES ( 'Falta pagamento despesas iniciais com entidade e referencia fornecidas', 1);
INSERT INTO checklist.REASON ( DESCRIPTION, ACTIVE_FLAG) VALUES ( 'Reconhecimento da versão "original" do contrato (leasing)', 1);

/*TPEND004*/
INSERT INTO checklist.STATUS ( DESCRIPTION, ACTIVE_FLAG) VALUES ( 'Conforme', 1);
INSERT INTO checklist.STATUS ( DESCRIPTION, ACTIVE_FLAG) VALUES ( 'Não conforme', 1);
INSERT INTO checklist.STATUS ( DESCRIPTION, ACTIVE_FLAG) VALUES ( 'Não recepcionado', 1);
INSERT INTO checklist.STATUS ( DESCRIPTION, ACTIVE_FLAG) VALUES ( 'Não aplicável', 1);
INSERT INTO checklist.STATUS ( DESCRIPTION, ACTIVE_FLAG) VALUES ( 'Doc. em análise CRDF', 1);

/*TPEND009*/
INSERT INTO checklist.MULTIPLE (ID, DESCRIPTION, ACTIVE_FLAG) VALUES ('S', 'sim            ', 1);
INSERT INTO checklist.MULTIPLE (ID, DESCRIPTION, ACTIVE_FLAG) VALUES ('N', 'não            ', 1);
INSERT INTO checklist.MULTIPLE (ID, DESCRIPTION, ACTIVE_FLAG) VALUES ('P', 'só particulares', 1);
INSERT INTO checklist.MULTIPLE (ID, DESCRIPTION, ACTIVE_FLAG) VALUES ('A', '1 TIT 1 AVA-EMP', 1);

/*TPEND003*/
INSERT INTO checklist.CATEGORY (ID, DESCRIPTION, ACTIVE_FLAG) VALUES ('B', 'Comprovativo de morada', 1);
INSERT INTO checklist.CATEGORY (ID, DESCRIPTION, ACTIVE_FLAG) VALUES ('C', 'Comprovativo de Rendimentos', 1);
INSERT INTO checklist.CATEGORY (ID, DESCRIPTION, ACTIVE_FLAG) VALUES ('D', 'Comprovativo de IBAN', 1);
INSERT INTO checklist.CATEGORY (ID, DESCRIPTION, ACTIVE_FLAG) VALUES ('E', 'Documentação Contratual', 1);
INSERT INTO checklist.CATEGORY (ID, DESCRIPTION, ACTIVE_FLAG) VALUES ('F', 'Doc. Automóvel', 1);
INSERT INTO checklist.CATEGORY (ID, DESCRIPTION, ACTIVE_FLAG) VALUES ('G', 'Doc. do Bem/Operativa', 1);
INSERT INTO checklist.CATEGORY (ID, DESCRIPTION, ACTIVE_FLAG) VALUES ('A', 'Doc. Identificação Titular', 1);
INSERT INTO checklist.CATEGORY (ID, DESCRIPTION, ACTIVE_FLAG) VALUES ('H', 'Outros Documentos', 1);

/*TPEND002*/
INSERT INTO checklist.DOCUMENT_TYPE ( ID, DESCRIPTION, ACTIVE_FLAG) VALUES ('A', 'Auto', 1);
INSERT INTO checklist.DOCUMENT_TYPE ( ID, DESCRIPTION, ACTIVE_FLAG) VALUES ('P', 'Pessoal', 1);
INSERT INTO checklist.DOCUMENT_TYPE ( ID, DESCRIPTION, ACTIVE_FLAG) VALUES ('C', 'Contratual', 1);
INSERT INTO checklist.DOCUMENT_TYPE ( ID, DESCRIPTION, ACTIVE_FLAG) VALUES ('O', 'Outros', 1);

/*TPENDO01*/
INSERT INTO checklist.DOCUMENT ( DESCRIPTION, DOCUMENT_TYPE_ID, CATEGORY_ID, MULTIPLE_ID, AUTHORIZATION_FLAG, ACTIVE_FLAG ) VALUES ( 'Contrato assinado por todos os intervenientes', 'C', 'E', 'S', 1, 1);
INSERT INTO checklist.DOCUMENT ( DESCRIPTION, DOCUMENT_TYPE_ID, CATEGORY_ID, MULTIPLE_ID, AUTHORIZATION_FLAG, ACTIVE_FLAG ) VALUES ( 'Seguro', 'C', 'E', 'A', 1, 1);
INSERT INTO checklist.DOCUMENT ( DESCRIPTION, DOCUMENT_TYPE_ID, CATEGORY_ID, MULTIPLE_ID, AUTHORIZATION_FLAG, ACTIVE_FLAG ) VALUES ( 'Mandato Sepa', 'C', 'E', 'N', 1, 1);
INSERT INTO checklist.DOCUMENT ( DESCRIPTION, DOCUMENT_TYPE_ID, CATEGORY_ID, MULTIPLE_ID, AUTHORIZATION_FLAG, ACTIVE_FLAG ) VALUES ( 'Seguro pelo PVP c/ Resp. Civil obrigatória e direitos ressalvados ao CRB', 'C', 'E', 'N', 1, 1);
INSERT INTO checklist.DOCUMENT ( DESCRIPTION, DOCUMENT_TYPE_ID, CATEGORY_ID, MULTIPLE_ID, AUTHORIZATION_FLAG, ACTIVE_FLAG ) VALUES ( 'Livrança assinada por todos os intervenientes', 'C', 'E', 'S', 1, 1);
INSERT INTO checklist.DOCUMENT ( DESCRIPTION, DOCUMENT_TYPE_ID, CATEGORY_ID, MULTIPLE_ID, AUTHORIZATION_FLAG, ACTIVE_FLAG ) VALUES ( 'Documento de Identificação', 'P', 'A', 'P', 1, 1);
INSERT INTO checklist.DOCUMENT ( DESCRIPTION, DOCUMENT_TYPE_ID, CATEGORY_ID, MULTIPLE_ID, AUTHORIZATION_FLAG, ACTIVE_FLAG ) VALUES ( 'Cópia do Documento Único Automóvel', 'A', 'F', 'N', 0, 1);
INSERT INTO checklist.DOCUMENT ( DESCRIPTION, DOCUMENT_TYPE_ID, CATEGORY_ID, MULTIPLE_ID, AUTHORIZATION_FLAG, ACTIVE_FLAG ) VALUES ( 'Cartao de Contribuinte', 'P', 'A', 'S', 1, 1);
INSERT INTO checklist.DOCUMENT ( DESCRIPTION, DOCUMENT_TYPE_ID, CATEGORY_ID, MULTIPLE_ID, AUTHORIZATION_FLAG, ACTIVE_FLAG ) VALUES ( 'Certidao Permanente atualizada ou código de acesso', 'P', 'A', 'N', 1, 1);
INSERT INTO checklist.DOCUMENT ( DESCRIPTION, DOCUMENT_TYPE_ID, CATEGORY_ID, MULTIPLE_ID, AUTHORIZATION_FLAG, ACTIVE_FLAG ) VALUES ( 'BI Exército                       ', 'P', 'A', 'P', 1, 1);
INSERT INTO checklist.DOCUMENT ( DESCRIPTION, DOCUMENT_TYPE_ID, CATEGORY_ID, MULTIPLE_ID, AUTHORIZATION_FLAG, ACTIVE_FLAG ) VALUES ( 'BI Força Aérea                    ', 'P', 'A', 'P', 1, 1);
INSERT INTO checklist.DOCUMENT ( DESCRIPTION, DOCUMENT_TYPE_ID, CATEGORY_ID, MULTIPLE_ID, AUTHORIZATION_FLAG, ACTIVE_FLAG ) VALUES ( 'BI GNR                            ', 'P', 'A', 'P', 1, 1);
INSERT INTO checklist.DOCUMENT ( DESCRIPTION, DOCUMENT_TYPE_ID, CATEGORY_ID, MULTIPLE_ID, AUTHORIZATION_FLAG, ACTIVE_FLAG ) VALUES ( 'BI Marinha                        ', 'P', 'A', 'P', 1, 1);
INSERT INTO checklist.DOCUMENT ( DESCRIPTION, DOCUMENT_TYPE_ID, CATEGORY_ID, MULTIPLE_ID, AUTHORIZATION_FLAG, ACTIVE_FLAG ) VALUES ( 'BI PSP                            ', 'P', 'A', 'P', 1, 1);
INSERT INTO checklist.DOCUMENT ( DESCRIPTION, DOCUMENT_TYPE_ID, CATEGORY_ID, MULTIPLE_ID, AUTHORIZATION_FLAG, ACTIVE_FLAG ) VALUES ( 'Título de Residência              ', 'P', 'A', 'P', 1, 1);
INSERT INTO checklist.DOCUMENT ( DESCRIPTION, DOCUMENT_TYPE_ID, CATEGORY_ID, MULTIPLE_ID, AUTHORIZATION_FLAG, ACTIVE_FLAG ) VALUES ( 'Extrato Seg. Social atualizado (3  últimos meses)', 'P', 'C', 'N', 0, 1);
INSERT INTO checklist.DOCUMENT ( DESCRIPTION, DOCUMENT_TYPE_ID, CATEGORY_ID, MULTIPLE_ID, AUTHORIZATION_FLAG, ACTIVE_FLAG ) VALUES ( 'Autorizaçao de Residencia', 'P', 'A', 'P', 1, 1);
INSERT INTO checklist.DOCUMENT ( DESCRIPTION, DOCUMENT_TYPE_ID, CATEGORY_ID, MULTIPLE_ID, AUTHORIZATION_FLAG, ACTIVE_FLAG ) VALUES ( 'Autorizaçao Pernamência', 'P', 'A', 'P', 1, 1);
INSERT INTO checklist.DOCUMENT ( DESCRIPTION, DOCUMENT_TYPE_ID, CATEGORY_ID, MULTIPLE_ID, AUTHORIZATION_FLAG, ACTIVE_FLAG ) VALUES ( 'Matricula da Viatura Nova/Importada', 'A', 'F', 'N', 0, 1);
INSERT INTO checklist.DOCUMENT ( DESCRIPTION, DOCUMENT_TYPE_ID, CATEGORY_ID, MULTIPLE_ID, AUTHORIZATION_FLAG, ACTIVE_FLAG ) VALUES ( 'Cartao de Residência', 'P', 'A', 'P', 1, 1);
INSERT INTO checklist.DOCUMENT ( DESCRIPTION, DOCUMENT_TYPE_ID, CATEGORY_ID, MULTIPLE_ID, AUTHORIZATION_FLAG, ACTIVE_FLAG ) VALUES ( 'Declaraçao de Registo de Inicio de Atividade', 'P', 'A', 'N', 1, 1);
INSERT INTO checklist.DOCUMENT ( DESCRIPTION, DOCUMENT_TYPE_ID, CATEGORY_ID, MULTIPLE_ID, AUTHORIZATION_FLAG, ACTIVE_FLAG ) VALUES ( 'NIPC empresa ', 'P', 'A', 'N', 1, 1);
INSERT INTO checklist.DOCUMENT ( DESCRIPTION, DOCUMENT_TYPE_ID, CATEGORY_ID, MULTIPLE_ID, AUTHORIZATION_FLAG, ACTIVE_FLAG ) VALUES ( 'Certificado de registo de cidadao da uniao europeia', 'P', 'A', 'N', 1, 1);
INSERT INTO checklist.DOCUMENT ( DESCRIPTION, DOCUMENT_TYPE_ID, CATEGORY_ID, MULTIPLE_ID, AUTHORIZATION_FLAG, ACTIVE_FLAG ) VALUES ( 'Recibo de água, luz, gas, TV Cabo dos últimos 3 meses', 'P', 'B', 'S', 1, 1);
INSERT INTO checklist.DOCUMENT ( DESCRIPTION, DOCUMENT_TYPE_ID, CATEGORY_ID, MULTIPLE_ID, AUTHORIZATION_FLAG, ACTIVE_FLAG ) VALUES ( 'Comprovativo de IBAN com titularidade', 'P', 'D', 'N', 1, 1);
INSERT INTO checklist.DOCUMENT ( DESCRIPTION, DOCUMENT_TYPE_ID, CATEGORY_ID, MULTIPLE_ID, AUTHORIZATION_FLAG, ACTIVE_FLAG ) VALUES ( 'Declaraçao de IRS do ultimo ano', 'P', 'C', 'P', 1, 1);
INSERT INTO checklist.DOCUMENT ( DESCRIPTION, DOCUMENT_TYPE_ID, CATEGORY_ID, MULTIPLE_ID, AUTHORIZATION_FLAG, ACTIVE_FLAG ) VALUES ( 'Cópia de recibos verdes dos últimos 3 meses', 'P', 'C', 'P', 1, 1);
INSERT INTO checklist.DOCUMENT ( DESCRIPTION, DOCUMENT_TYPE_ID, CATEGORY_ID, MULTIPLE_ID, AUTHORIZATION_FLAG, ACTIVE_FLAG ) VALUES ( 'Comprovativo de reforma', 'P', 'C', 'P', 1, 1);
INSERT INTO checklist.DOCUMENT ( DESCRIPTION, DOCUMENT_TYPE_ID, CATEGORY_ID, MULTIPLE_ID, AUTHORIZATION_FLAG, ACTIVE_FLAG ) VALUES ( 'Declaraçao Anual (IES) ultimo ano', 'P', 'C', 'N', 1, 1);
INSERT INTO checklist.DOCUMENT ( DESCRIPTION, DOCUMENT_TYPE_ID, CATEGORY_ID, MULTIPLE_ID, AUTHORIZATION_FLAG, ACTIVE_FLAG ) VALUES ( 'Modelo 22 (IRC) referente ao ultimo exercicio ou os códigos de acesso', 'P', 'C', 'N', 1, 1);
INSERT INTO checklist.DOCUMENT ( DESCRIPTION, DOCUMENT_TYPE_ID, CATEGORY_ID, MULTIPLE_ID, AUTHORIZATION_FLAG, ACTIVE_FLAG ) VALUES ( 'Ultimo Balancete geral do exercicio em curso', 'P', 'C', 'N', 1, 1);
INSERT INTO checklist.DOCUMENT ( DESCRIPTION, DOCUMENT_TYPE_ID, CATEGORY_ID, MULTIPLE_ID, AUTHORIZATION_FLAG, ACTIVE_FLAG ) VALUES ( 'Contrato compra e venda do bem', 'O', 'G', 'N', 1, 1);
INSERT INTO checklist.DOCUMENT ( DESCRIPTION, DOCUMENT_TYPE_ID, CATEGORY_ID, MULTIPLE_ID, AUTHORIZATION_FLAG, ACTIVE_FLAG ) VALUES ( 'Fatura do bem / Contrato de Compra e Venda', 'O', 'G', 'N', 1, 1);
INSERT INTO checklist.DOCUMENT ( DESCRIPTION, DOCUMENT_TYPE_ID, CATEGORY_ID, MULTIPLE_ID, AUTHORIZATION_FLAG, ACTIVE_FLAG ) VALUES ( 'Fatura original em nome da Credibom', 'O', 'G', 'N', 1, 1);
INSERT INTO checklist.DOCUMENT ( DESCRIPTION, DOCUMENT_TYPE_ID, CATEGORY_ID, MULTIPLE_ID, AUTHORIZATION_FLAG, ACTIVE_FLAG ) VALUES ( 'Carta autorizar deduçao das despesas iniciais', 'O', 'G', 'N', 1, 1);
INSERT INTO checklist.DOCUMENT ( DESCRIPTION, DOCUMENT_TYPE_ID, CATEGORY_ID, MULTIPLE_ID, AUTHORIZATION_FLAG, ACTIVE_FLAG ) VALUES ( 'Declaraçao de caracteristicas da viatura', 'A', 'F', 'N', 1, 1);
INSERT INTO checklist.DOCUMENT ( DESCRIPTION, DOCUMENT_TYPE_ID, CATEGORY_ID, MULTIPLE_ID, AUTHORIZATION_FLAG, ACTIVE_FLAG ) VALUES ( 'Declar PV a responsabilizar-se p/ averb. em nome cli c/ reserva CRB', 'A', 'F', 'N', 1, 1);
INSERT INTO checklist.DOCUMENT ( DESCRIPTION, DOCUMENT_TYPE_ID, CATEGORY_ID, MULTIPLE_ID, AUTHORIZATION_FLAG, ACTIVE_FLAG ) VALUES ( 'Modelo unico Automóvel - assinado pelo sujeito ACTIVE (1º ou 2º titular)', 'A', 'F', 'N', 1, 1);
INSERT INTO checklist.DOCUMENT ( DESCRIPTION, DOCUMENT_TYPE_ID, CATEGORY_ID, MULTIPLE_ID, AUTHORIZATION_FLAG, ACTIVE_FLAG ) VALUES ( 'Declar. P.V. a Responsabilizar-se pelo Averbamento em nome Credibom', 'A', 'F', 'N', 1, 1);
INSERT INTO checklist.DOCUMENT ( DESCRIPTION, DOCUMENT_TYPE_ID, CATEGORY_ID, MULTIPLE_ID, AUTHORIZATION_FLAG, ACTIVE_FLAG ) VALUES ( 'Declar. P.V. a Responsabilizar-se pelo Averbamento com Hipoteca à Credibom', 'A', 'F', 'N', 1, 1);
INSERT INTO checklist.DOCUMENT ( DESCRIPTION, DOCUMENT_TYPE_ID, CATEGORY_ID, MULTIPLE_ID, AUTHORIZATION_FLAG, ACTIVE_FLAG ) VALUES ( 'Decl. PV a responsab.-se p/ averb. em nome Credibom c/ loc. ao cliente', 'A', 'F', 'N', 1, 1);
INSERT INTO checklist.DOCUMENT ( DESCRIPTION, DOCUMENT_TYPE_ID, CATEGORY_ID, MULTIPLE_ID, AUTHORIZATION_FLAG, ACTIVE_FLAG ) VALUES ( 'Modelo unico Automóvel - assinado pelo sujeito passivo (Ex-Proprietário)', 'A', 'F', 'N', 1, 1);
INSERT INTO checklist.DOCUMENT ( DESCRIPTION, DOCUMENT_TYPE_ID, CATEGORY_ID, MULTIPLE_ID, AUTHORIZATION_FLAG, ACTIVE_FLAG ) VALUES ( 'Modelo unico Automóvel - assin p/  sujeito passivo (Ex-Proprietário)  e suj ativ', 'A', 'F', 'N', 1, 1);
INSERT INTO checklist.DOCUMENT ( DESCRIPTION, DOCUMENT_TYPE_ID, CATEGORY_ID, MULTIPLE_ID, AUTHORIZATION_FLAG, ACTIVE_FLAG ) VALUES ( 'Documento unico Automovel ou TRP e Livrete', 'A', 'F', 'N', 1, 1);
INSERT INTO checklist.DOCUMENT ( DESCRIPTION, DOCUMENT_TYPE_ID, CATEGORY_ID, MULTIPLE_ID, AUTHORIZATION_FLAG, ACTIVE_FLAG ) VALUES ( 'Modelo unico extinçao de Reserva / Locaçao / Hipoteca da Viatura', 'A', 'F', 'N', 1, 1);
INSERT INTO checklist.DOCUMENT ( DESCRIPTION, DOCUMENT_TYPE_ID, CATEGORY_ID, MULTIPLE_ID, AUTHORIZATION_FLAG, ACTIVE_FLAG ) VALUES ( 'Modelo unico de alteraçao de nome/morada do ex-proprietário', 'A', 'F', 'N', 1, 1);
INSERT INTO checklist.DOCUMENT ( DESCRIPTION, DOCUMENT_TYPE_ID, CATEGORY_ID, MULTIPLE_ID, AUTHORIZATION_FLAG, ACTIVE_FLAG ) VALUES ( 'Modelo unico Fusao/Locaçao Financeira/Hipoteca', 'A', 'F', 'N', 1, 1);
INSERT INTO checklist.DOCUMENT ( DESCRIPTION, DOCUMENT_TYPE_ID, CATEGORY_ID, MULTIPLE_ID, AUTHORIZATION_FLAG, ACTIVE_FLAG ) VALUES ( 'Modelo unico para pedido de 2ª via certificado de matrícula (assinatura reconhec', 'A', 'F', 'N', 1, 1);
INSERT INTO checklist.DOCUMENT ( DESCRIPTION, DOCUMENT_TYPE_ID, CATEGORY_ID, MULTIPLE_ID, AUTHORIZATION_FLAG, ACTIVE_FLAG ) VALUES ( 'DAV guia de importaçao da viatura importada', 'A', 'F', 'N', 1, 1);
INSERT INTO checklist.DOCUMENT ( DESCRIPTION, DOCUMENT_TYPE_ID, CATEGORY_ID, MULTIPLE_ID, AUTHORIZATION_FLAG, ACTIVE_FLAG ) VALUES ( 'Minuta de constituiçao de hipoteca voluntária', 'A', 'F', 'N', 1, 1);
INSERT INTO checklist.DOCUMENT ( DESCRIPTION, DOCUMENT_TYPE_ID, CATEGORY_ID, MULTIPLE_ID, AUTHORIZATION_FLAG, ACTIVE_FLAG ) VALUES ( 'Carta a autorizar retençao das condiçoes de aprovaçao (liquidaçao, anulaçao, etc', 'O', 'G', 'N', 1, 1);
INSERT INTO checklist.DOCUMENT ( DESCRIPTION, DOCUMENT_TYPE_ID, CATEGORY_ID, MULTIPLE_ID, AUTHORIZATION_FLAG, ACTIVE_FLAG ) VALUES ( 'Carta a solicitar a data de débito da prestaçao em data indicada ass. p/ cliente', 'O', 'G', 'N', 1, 1);
INSERT INTO checklist.DOCUMENT ( DESCRIPTION, DOCUMENT_TYPE_ID, CATEGORY_ID, MULTIPLE_ID, AUTHORIZATION_FLAG, ACTIVE_FLAG ) VALUES ( 'Comprovativo de morada fiscal/sede.', 'P', 'B', 'S', 1, 1);
INSERT INTO checklist.DOCUMENT ( DESCRIPTION, DOCUMENT_TYPE_ID, CATEGORY_ID, MULTIPLE_ID, AUTHORIZATION_FLAG, ACTIVE_FLAG ) VALUES ( 'Declaraçao de Identificaçao de Entidades Relacionadas', 'O', 'G', 'P', 1, 1);
INSERT INTO checklist.DOCUMENT ( DESCRIPTION, DOCUMENT_TYPE_ID, CATEGORY_ID, MULTIPLE_ID, AUTHORIZATION_FLAG, ACTIVE_FLAG ) VALUES ( 'Declaraçao a autorizar o pagamento/financiamento do contrato em conta distinta.', 'O', 'G', 'N', 1, 1);
INSERT INTO checklist.DOCUMENT ( DESCRIPTION, DOCUMENT_TYPE_ID, CATEGORY_ID, MULTIPLE_ID, AUTHORIZATION_FLAG, ACTIVE_FLAG ) VALUES ( 'Comprovativo de liquidaçao de contrato numa outra financeira', 'O', 'G', 'N', 1, 1);
INSERT INTO checklist.DOCUMENT ( DESCRIPTION, DOCUMENT_TYPE_ID, CATEGORY_ID, MULTIPLE_ID, AUTHORIZATION_FLAG, ACTIVE_FLAG ) VALUES ( 'Declaraçao de Entidade Patronal a comprovar efetividade', 'P', 'C', 'P', 1, 1);
INSERT INTO checklist.DOCUMENT ( DESCRIPTION, DOCUMENT_TYPE_ID, CATEGORY_ID, MULTIPLE_ID, AUTHORIZATION_FLAG, ACTIVE_FLAG ) VALUES ( 'Cópia do Contrato de Trabalho', 'P', 'C', 'P', 1, 1);
INSERT INTO checklist.DOCUMENT ( DESCRIPTION, DOCUMENT_TYPE_ID, CATEGORY_ID, MULTIPLE_ID, AUTHORIZATION_FLAG, ACTIVE_FLAG ) VALUES ( 'Faltam Contactos telefónicos dos sócios', 'P', 'H', 'N', 1, 1);
INSERT INTO checklist.DOCUMENT ( DESCRIPTION, DOCUMENT_TYPE_ID, CATEGORY_ID, MULTIPLE_ID, AUTHORIZATION_FLAG, ACTIVE_FLAG ) VALUES ( 'Resoluçao do Contrato de Locaçao Financeira', 'A', 'F', 'N', 1, 1);
INSERT INTO checklist.DOCUMENT ( DESCRIPTION, DOCUMENT_TYPE_ID, CATEGORY_ID, MULTIPLE_ID, AUTHORIZATION_FLAG, ACTIVE_FLAG ) VALUES ( 'Autorizaçao de Circulaçao da Viatura', 'A', 'F', 'N', 1, 1);
INSERT INTO checklist.DOCUMENT ( DESCRIPTION, DOCUMENT_TYPE_ID, CATEGORY_ID, MULTIPLE_ID, AUTHORIZATION_FLAG, ACTIVE_FLAG ) VALUES ( 'Escritura de Constituiçao de Sociedade', 'O', 'C', 'N', 1, 1);
INSERT INTO checklist.DOCUMENT ( DESCRIPTION, DOCUMENT_TYPE_ID, CATEGORY_ID, MULTIPLE_ID, AUTHORIZATION_FLAG, ACTIVE_FLAG ) VALUES ( 'Extratos bancários dos últimos 3 meses', 'P', 'C', 'N', 1, 1);
INSERT INTO checklist.DOCUMENT ( DESCRIPTION, DOCUMENT_TYPE_ID, CATEGORY_ID, MULTIPLE_ID, AUTHORIZATION_FLAG, ACTIVE_FLAG ) VALUES ( 'Cópia dos 3 Ultimos recibos de vencimento.', 'P', 'C', 'P', 1, 1);
INSERT INTO checklist.DOCUMENT ( DESCRIPTION, DOCUMENT_TYPE_ID, CATEGORY_ID, MULTIPLE_ID, AUTHORIZATION_FLAG, ACTIVE_FLAG ) VALUES ( 'Proposta Seguro (BES)', 'C', 'E', 'N', 1, 1);
INSERT INTO checklist.DOCUMENT ( DESCRIPTION, DOCUMENT_TYPE_ID, CATEGORY_ID, MULTIPLE_ID, AUTHORIZATION_FLAG, ACTIVE_FLAG ) VALUES ( 'Falta Contacto Telefónico Pessoal', 'P', 'H', 'N', 1, 1);
INSERT INTO checklist.DOCUMENT ( DESCRIPTION, DOCUMENT_TYPE_ID, CATEGORY_ID, MULTIPLE_ID, AUTHORIZATION_FLAG, ACTIVE_FLAG ) VALUES ( 'Aguarda data solicitada para financiar', 'P', 'H', 'N', 1, 1);
INSERT INTO checklist.DOCUMENT ( DESCRIPTION, DOCUMENT_TYPE_ID, CATEGORY_ID, MULTIPLE_ID, AUTHORIZATION_FLAG, ACTIVE_FLAG ) VALUES ( 'Falta Contacto Emprego', 'P', 'H', 'N', 1, 1);
INSERT INTO checklist.DOCUMENT ( DESCRIPTION, DOCUMENT_TYPE_ID, CATEGORY_ID, MULTIPLE_ID, AUTHORIZATION_FLAG, ACTIVE_FLAG ) VALUES ( 'Aguarda avalista', 'P', 'H', 'N', 1, 1);
INSERT INTO checklist.DOCUMENT ( DESCRIPTION, DOCUMENT_TYPE_ID, CATEGORY_ID, MULTIPLE_ID, AUTHORIZATION_FLAG, ACTIVE_FLAG ) VALUES ( 'Aguarda Estado Civil', 'P', 'H', 'N', 1, 1);
INSERT INTO checklist.DOCUMENT ( DESCRIPTION, DOCUMENT_TYPE_ID, CATEGORY_ID, MULTIPLE_ID, AUTHORIZATION_FLAG, ACTIVE_FLAG ) VALUES ( 'Falta Comprovativo de separação', 'P', 'H', 'N', 1, 1);
INSERT INTO checklist.DOCUMENT ( DESCRIPTION, DOCUMENT_TYPE_ID, CATEGORY_ID, MULTIPLE_ID, AUTHORIZATION_FLAG, ACTIVE_FLAG ) VALUES ( 'Confirmar tabela/Comissão/Spread', 'P', 'H', 'N', 1, 1);
INSERT INTO checklist.DOCUMENT ( DESCRIPTION, DOCUMENT_TYPE_ID, CATEGORY_ID, MULTIPLE_ID, AUTHORIZATION_FLAG, ACTIVE_FLAG ) VALUES ( 'Aguarda Simulação prestação/renda', 'P', 'H', 'N', 1, 1);
INSERT INTO checklist.DOCUMENT ( DESCRIPTION, DOCUMENT_TYPE_ID, CATEGORY_ID, MULTIPLE_ID, AUTHORIZATION_FLAG, ACTIVE_FLAG ) VALUES ( 'Aguarda Nacionalidade', 'P', 'H', 'N', 1, 1);
INSERT INTO checklist.DOCUMENT ( DESCRIPTION, DOCUMENT_TYPE_ID, CATEGORY_ID, MULTIPLE_ID, AUTHORIZATION_FLAG, ACTIVE_FLAG ) VALUES ( 'Aguarda relação entre titulares', 'P', 'H', 'N', 1, 1);
INSERT INTO checklist.DOCUMENT ( DESCRIPTION, DOCUMENT_TYPE_ID, CATEGORY_ID, MULTIPLE_ID, AUTHORIZATION_FLAG, ACTIVE_FLAG ) VALUES ( 'Falta Confirmar prazo da operação', 'P', 'H', 'N', 1, 1);
INSERT INTO checklist.DOCUMENT ( DESCRIPTION, DOCUMENT_TYPE_ID, CATEGORY_ID, MULTIPLE_ID, AUTHORIZATION_FLAG, ACTIVE_FLAG ) VALUES ( 'Falta Confirmar se cliente vai liquidar algum contrato', 'P', 'H', 'N', 1, 1);
INSERT INTO checklist.DOCUMENT ( DESCRIPTION, DOCUMENT_TYPE_ID, CATEGORY_ID, MULTIPLE_ID, AUTHORIZATION_FLAG, ACTIVE_FLAG ) VALUES ( 'Falta confirmar tipo de habitação', 'P', 'H', 'N', 1, 1);
INSERT INTO checklist.DOCUMENT ( DESCRIPTION, DOCUMENT_TYPE_ID, CATEGORY_ID, MULTIPLE_ID, AUTHORIZATION_FLAG, ACTIVE_FLAG ) VALUES ( 'Aguarda Confirmação recepção de FIN', 'P', 'H', 'N', 1, 1);
INSERT INTO checklist.DOCUMENT ( DESCRIPTION, DOCUMENT_TYPE_ID, CATEGORY_ID, MULTIPLE_ID, AUTHORIZATION_FLAG, ACTIVE_FLAG ) VALUES ( 'Faltam Contactos telefónicos da sociedade', 'P', 'H', 'N', 1, 1);
INSERT INTO checklist.DOCUMENT ( DESCRIPTION, DOCUMENT_TYPE_ID, CATEGORY_ID, MULTIPLE_ID, AUTHORIZATION_FLAG, ACTIVE_FLAG ) VALUES ( 'Declaração para compensação Cliente', 'P', 'G', 'N', 1, 1);
INSERT INTO checklist.DOCUMENT ( DESCRIPTION, DOCUMENT_TYPE_ID, CATEGORY_ID, MULTIPLE_ID, AUTHORIZATION_FLAG, ACTIVE_FLAG ) VALUES ( 'Declaração para compensação PV', 'P', 'G', 'N', 1, 1);
INSERT INTO checklist.DOCUMENT ( DESCRIPTION, DOCUMENT_TYPE_ID, CATEGORY_ID, MULTIPLE_ID, AUTHORIZATION_FLAG, ACTIVE_FLAG ) VALUES ( 'Carta de condução', 'P', 'G', 'N', 1, 1);
INSERT INTO checklist.DOCUMENT ( DESCRIPTION, DOCUMENT_TYPE_ID, CATEGORY_ID, MULTIPLE_ID, AUTHORIZATION_FLAG, ACTIVE_FLAG ) VALUES ( 'Guia de renovação da carta de condução', 'P', 'G', 'N', 1, 1);
INSERT INTO checklist.DOCUMENT ( DESCRIPTION, DOCUMENT_TYPE_ID, CATEGORY_ID, MULTIPLE_ID, AUTHORIZATION_FLAG, ACTIVE_FLAG ) VALUES ( 'Certificado Inspecção Obrigatória', 'P', 'G', 'N', 1, 1);
INSERT INTO checklist.DOCUMENT ( DESCRIPTION, DOCUMENT_TYPE_ID, CATEGORY_ID, MULTIPLE_ID, AUTHORIZATION_FLAG, ACTIVE_FLAG ) VALUES ( 'Guia de Renovação Documento de Identificação', 'P', 'A', 'N', 1, 1);
INSERT INTO checklist.DOCUMENT ( DESCRIPTION, DOCUMENT_TYPE_ID, CATEGORY_ID, MULTIPLE_ID, AUTHORIZATION_FLAG, ACTIVE_FLAG ) VALUES ( ' Aguarda comprovativo de Averbamento da viatura (pelo PV)', 'A', 'F', 'N', 0, 1);
INSERT INTO checklist.DOCUMENT ( DESCRIPTION, DOCUMENT_TYPE_ID, CATEGORY_ID, MULTIPLE_ID, AUTHORIZATION_FLAG, ACTIVE_FLAG ) VALUES ( 'Aguarda aceitação da venda ONLINE por revendedor', 'A', 'F', 'N', 0, 1);
INSERT INTO checklist.DOCUMENT ( DESCRIPTION, DOCUMENT_TYPE_ID, CATEGORY_ID, MULTIPLE_ID, AUTHORIZATION_FLAG, ACTIVE_FLAG ) VALUES ( 'Aguarda conclusão 1ª fase averbamento  (viat. Importada)', 'A', 'F', 'N', 0, 1);
INSERT INTO checklist.DOCUMENT ( DESCRIPTION, DOCUMENT_TYPE_ID, CATEGORY_ID, MULTIPLE_ID, AUTHORIZATION_FLAG, ACTIVE_FLAG ) VALUES ( 'Falta BI / NIF / NIPC do ex-proprietario', 'A', 'F', 'N', 1, 1);
INSERT INTO checklist.DOCUMENT ( DESCRIPTION, DOCUMENT_TYPE_ID, CATEGORY_ID, MULTIPLE_ID, AUTHORIZATION_FLAG, ACTIVE_FLAG ) VALUES ( 'Falta Proposta de Credito Preenchida', 'P', 'H', 'N', 1, 1);
INSERT INTO checklist.DOCUMENT ( DESCRIPTION, DOCUMENT_TYPE_ID, CATEGORY_ID, MULTIPLE_ID, AUTHORIZATION_FLAG, ACTIVE_FLAG ) VALUES ( 'Necessário doc ID renovado para efeitos de averbamento', 'A', 'F', 'N', 1, 1);
INSERT INTO checklist.DOCUMENT ( DESCRIPTION, DOCUMENT_TYPE_ID, CATEGORY_ID, MULTIPLE_ID, AUTHORIZATION_FLAG, ACTIVE_FLAG ) VALUES ( 'Averbamento não concluído por CRA', 'A', 'F', 'N', 0, 1);
INSERT INTO checklist.DOCUMENT ( DESCRIPTION, DOCUMENT_TYPE_ID, CATEGORY_ID, MULTIPLE_ID, AUTHORIZATION_FLAG, ACTIVE_FLAG ) VALUES ( 'Minuta que identifica pessoa que exerce dever de identificação', 'C', 'E', 'N', 1, 1);
INSERT INTO checklist.DOCUMENT ( DESCRIPTION, DOCUMENT_TYPE_ID, CATEGORY_ID, MULTIPLE_ID, AUTHORIZATION_FLAG, ACTIVE_FLAG ) VALUES ( 'Declaração Fornecedor Particular', 'C', 'E', 'N', 1, 1);
INSERT INTO checklist.DOCUMENT ( DESCRIPTION, DOCUMENT_TYPE_ID, CATEGORY_ID, MULTIPLE_ID, AUTHORIZATION_FLAG, ACTIVE_FLAG ) VALUES ( 'Declaração para compensação Fornecedor', 'C', 'E', 'N', 1, 1);
INSERT INTO checklist.DOCUMENT ( DESCRIPTION, DOCUMENT_TYPE_ID, CATEGORY_ID, MULTIPLE_ID, AUTHORIZATION_FLAG, ACTIVE_FLAG ) VALUES ( 'Mapa CRC ou Declaração dívida OIC', 'O', 'G', 'N', 1, 1);
INSERT INTO checklist.DOCUMENT ( DESCRIPTION, DOCUMENT_TYPE_ID, CATEGORY_ID, MULTIPLE_ID, AUTHORIZATION_FLAG, ACTIVE_FLAG ) VALUES ( 'Declar PV a responsabilizar-se p/ averbamento em nome cliente (Sem Reserva CRB)', 'A', 'F', 'N', 1, 1);
INSERT INTO checklist.DOCUMENT ( DESCRIPTION, DOCUMENT_TYPE_ID, CATEGORY_ID, MULTIPLE_ID, AUTHORIZATION_FLAG, ACTIVE_FLAG ) VALUES ( 'Procuração Credito consolidado', 'O', 'G', 'N', 1, 1);
INSERT INTO checklist.DOCUMENT ( DESCRIPTION, DOCUMENT_TYPE_ID, CATEGORY_ID, MULTIPLE_ID, AUTHORIZATION_FLAG, ACTIVE_FLAG ) VALUES ( 'Contrato de Promessa de Compra', 'O', 'H', 'N', 1, 1);
INSERT INTO checklist.DOCUMENT ( DESCRIPTION, DOCUMENT_TYPE_ID, CATEGORY_ID, MULTIPLE_ID, AUTHORIZATION_FLAG, ACTIVE_FLAG ) VALUES ( 'AMA - Consulta Segurança Social', 'P', 'C', 'S', 0, 1);
INSERT INTO checklist.DOCUMENT ( DESCRIPTION, DOCUMENT_TYPE_ID, CATEGORY_ID, MULTIPLE_ID, AUTHORIZATION_FLAG, ACTIVE_FLAG ) VALUES ( 'SGA - Alerta de fraude', 'O', 'G', 'S', 0, 1);

/*TPEND010*/
INSERT INTO checklist.VENDOR_NOTIFICATION (VENDOR_ID, DOCUMENT_ID, NOTIFICATION_VALUE, ACTIVE_FLAG) VALUES ('G270774009 ', 24, 0, 1);
INSERT INTO checklist.VENDOR_NOTIFICATION (VENDOR_ID, DOCUMENT_ID, NOTIFICATION_VALUE, ACTIVE_FLAG) VALUES ('G270774009 ', 53, 0, 1);
INSERT INTO checklist.VENDOR_NOTIFICATION (VENDOR_ID, DOCUMENT_ID, NOTIFICATION_VALUE, ACTIVE_FLAG) VALUES ('G271035005 ', 33, 0, 1);
INSERT INTO checklist.VENDOR_NOTIFICATION (VENDOR_ID, DOCUMENT_ID, NOTIFICATION_VALUE, ACTIVE_FLAG) VALUES ('G271094001 ', 33, 0, 1);
INSERT INTO checklist.VENDOR_NOTIFICATION (VENDOR_ID, DOCUMENT_ID, NOTIFICATION_VALUE, ACTIVE_FLAG) VALUES ('G271096004 ', 24, 0, 1);
INSERT INTO checklist.VENDOR_NOTIFICATION (VENDOR_ID, DOCUMENT_ID, NOTIFICATION_VALUE, ACTIVE_FLAG) VALUES ('G271096004 ', 53, 0, 1);
INSERT INTO checklist.VENDOR_NOTIFICATION (VENDOR_ID, DOCUMENT_ID, NOTIFICATION_VALUE, ACTIVE_FLAG) VALUES ('D281283001 ', 33, 0, 1);
INSERT INTO checklist.VENDOR_NOTIFICATION (VENDOR_ID, DOCUMENT_ID, NOTIFICATION_VALUE, ACTIVE_FLAG) VALUES ('D283132000 ', 33, 0, 1);
INSERT INTO checklist.VENDOR_NOTIFICATION (VENDOR_ID, DOCUMENT_ID, NOTIFICATION_VALUE, ACTIVE_FLAG) VALUES ('G270868003 ', 33, 0, 1);
INSERT INTO checklist.VENDOR_NOTIFICATION (VENDOR_ID, DOCUMENT_ID, NOTIFICATION_VALUE, ACTIVE_FLAG) VALUES ('G271115009 ', 33, 0, 1);
INSERT INTO checklist.VENDOR_NOTIFICATION (VENDOR_ID, DOCUMENT_ID, NOTIFICATION_VALUE, ACTIVE_FLAG) VALUES ('G271206004 ', 33, 0, 1);
INSERT INTO checklist.VENDOR_NOTIFICATION (VENDOR_ID, DOCUMENT_ID, NOTIFICATION_VALUE, ACTIVE_FLAG) VALUES ('G271216000 ', 33, 0, 1);
INSERT INTO checklist.VENDOR_NOTIFICATION (VENDOR_ID, DOCUMENT_ID, NOTIFICATION_VALUE, ACTIVE_FLAG) VALUES ('G271183004 ', 33, 0, 1);

/* TPEND008 data */
INSERT INTO checklist.DOCUMENT_PACK( PACK_ID,DOCUMENT_ID ) VALUES(1,1);
INSERT INTO checklist.DOCUMENT_PACK( PACK_ID,DOCUMENT_ID ) VALUES(2,1);

/*FPEND002*/
INSERT INTO checklist.DOCUMENTATION_NOTE ( PROPOSAL_ID, BRAND, INTERNAL_NOTE, EXTERNAL_NOTE, UPDATE_USER, AUTHORIZATION_USER ) VALUES (10002725205,'TESTE', 'TERMO RESP AVERBAMENTO OBRIGATÓRIO EM TODAS AS PROP (EXCETO INDICAÇÃO EM CONTRARIO) * DISPENSADO CÓPIA DO DUA NO FINANCIAMENTO*', 'NULL', 'u0344', 'NULL');

/*FTB0202F*/
INSERT INTO checklist.OWNER  (ID, DESCRIPTION, ACTIVE_FLAG) VALUES ('BEF', 'Beneficiário Efec.  ', 1);
INSERT INTO checklist.OWNER  (ID, DESCRIPTION, ACTIVE_FLAG) VALUES ('CLT', 'Cliente             ', 1);
INSERT INTO checklist.OWNER  (ID, DESCRIPTION, ACTIVE_FLAG) VALUES ('DVI', 'PV Dever Identif.   ', 1);
INSERT INTO checklist.OWNER  (ID, DESCRIPTION, ACTIVE_FLAG) VALUES ('FOR', 'Fornecedor          ', 1);
INSERT INTO checklist.OWNER  (ID, DESCRIPTION, ACTIVE_FLAG) VALUES ('GRP', 'Grupo               ', 1);
INSERT INTO checklist.OWNER  (ID, DESCRIPTION, ACTIVE_FLAG) VALUES ('OGD', 'Orgão de Administ.  ', 1);
INSERT INTO checklist.OWNER  (ID, DESCRIPTION, ACTIVE_FLAG) VALUES ('PRC', 'Procurador          ', 1);
INSERT INTO checklist.OWNER  (ID, DESCRIPTION, ACTIVE_FLAG) VALUES ('PVD', 'Ponto de Venda      ', 1);
INSERT INTO checklist.OWNER  (ID, DESCRIPTION, ACTIVE_FLAG) VALUES ('REP', 'Representante       ', 1);
INSERT INTO checklist.OWNER  (ID, DESCRIPTION, ACTIVE_FLAG) VALUES ('RPG', 'Real Pagador        ', 1);
INSERT INTO checklist.OWNER  (ID, DESCRIPTION, ACTIVE_FLAG) VALUES ('RPO', 'Real Pagador Ocas.  ', 1);
INSERT INTO checklist.OWNER  (ID, DESCRIPTION, ACTIVE_FLAG) VALUES ('SOC', 'Sócio Gerente ENI   ', 1);
INSERT INTO checklist.OWNER  (ID, DESCRIPTION, ACTIVE_FLAG) VALUES ('VND', 'Vendedor            ', 1);
INSERT INTO checklist.OWNER  (ID, DESCRIPTION, ACTIVE_FLAG) VALUES ('VPD', 'Vendedor (PV)       ', 1);
INSERT INTO checklist.OWNER  (ID, DESCRIPTION, ACTIVE_FLAG) VALUES ('S>5', 'Tit. Participação>5%', 1);
INSERT INTO checklist.OWNER  (ID, DESCRIPTION, ACTIVE_FLAG) VALUES ('PDM', 'PDEAM Dever Identif.', 1);
INSERT INTO checklist.OWNER  (ID, DESCRIPTION, ACTIVE_FLAG) VALUES ('1T',  '1º Titular          ', 1);
INSERT INTO checklist.OWNER  (ID, DESCRIPTION, ACTIVE_FLAG) VALUES ('2T',  '2º Titular          ', 1);
INSERT INTO checklist.OWNER  (ID, DESCRIPTION, ACTIVE_FLAG) VALUES ('1A', '1º Avalista          ', 1);
INSERT INTO checklist.OWNER  (ID, DESCRIPTION, ACTIVE_FLAG) VALUES ('2A', '2º Avalista          ', 1);
INSERT INTO checklist.OWNER  (ID, DESCRIPTION, ACTIVE_FLAG) VALUES ('3A', '3º Avalista          ', 1);
INSERT INTO checklist.OWNER  (ID, DESCRIPTION, ACTIVE_FLAG) VALUES ('4A', '4º Avalista          ', 1);


/*FPEND001*/
INSERT INTO checklist.PENDING_DOCUMENT ( PROPOSAL_ID, BRAND, DOCUMENT_ID, STATUS_ID, REASON_ID, OWNER_ID, MANUAL_FLAG, UPDATE_USER, GDMS_GUID, CREATION_TIMESTAMP, UPDATE_TIMESTAMP )
VALUES (10002725205,'TESTE',38,1,NULL,'BEF' ,1,'u0180',NULL,'2019-11-08 15:27:53.909000','2019-11-08 15:27:53.909000');
INSERT INTO checklist.PENDING_DOCUMENT ( PROPOSAL_ID, BRAND, DOCUMENT_ID, STATUS_ID, REASON_ID, OWNER_ID, MANUAL_FLAG, UPDATE_USER, GDMS_GUID, CREATION_TIMESTAMP, UPDATE_TIMESTAMP )
VALUES (10002725205,'TESTE',90,4,NULL,'PVD' ,0,'u0344',NULL,'2019-11-04 10:42:29.626000','2019-11-06 12:31:16.417000');


